HigherElo,LowerElo,EloDiff,AverageElo,Score,FEN,MoveNumber,TimeControl
1888,1881,7,1884.5,0.0,6k1/p6p/8/5p2/r2B4/6P1/4RK1P/8 w - - 1 50,50,300+0
2214,2001,213,2107.5,1.0,2k1r3/p1p3bp/8/1pp5/2b4P/2P5/PP3PP1/R5KR b - - 2 22,22,5400+30
1052,789,263,920.5,1.0,r2qk2r/p1p2pbp/2p2np1/3Pp3/P5b1/2NP1N2/1PPB1PPP/R2Q1RK1 b kq - 0 10,10,600+0
889,849,40,869.0,1.0,5rk1/5ppp/1p2qn2/4p3/2p5/8/5PPP/2NRBQK1 b - - 1 24,24,600+0
1021,796,225,908.5,1.0,7R/4kppp/2pb1p2/3p1b2/1Pq5/2P1P3/5PPP/3QK1NR b K - 0 22,22,600+0
821,606,215,713.5,0.5,r2qk2r/pp1b1ppp/5n2/n2p4/3p4/1P1B4/P1PP1PPP/RNBQ1RK1 w kq - 4 12,12,600+0
1533,1047,486,1290.0,1.0,r1bqk1nr/pppp1ppp/2n5/2b1p3/2B1P3/2N2N2/PPPP1PPP/R1BQK2R b KQkq - 5 4,4,600+2
1612,1465,147,1538.5,0.0,r1bq1rk1/1p1p1pp1/p1n2n1p/4p3/2B1P3/P1N1QN2/1PP2PPP/R3K2R b KQ - 0 11,11,600+2
1479,1438,41,1458.5,0.0,r4rk1/2pq1ppp/2n1bn2/ppb1p3/3PP3/3P1NPP/PPQN1PBK/R1B2R2 b - - 0 12,12,600+0
1422,1416,6,1419.0,1.0,r1bqkbnr/pppp1ppp/2n5/1B2p3/4P3/5N2/PPPP1PPP/RNBQK2R b KQkq - 3 3,3,600+0
1390,1371,19,1380.5,0.5,r1bqkb1r/p1p2ppp/1pP1pn2/3p4/3P4/3QPN2/PP3PPP/RNB1K2R b KQkq - 0 8,8,600+0
1337,1314,23,1325.5,0.0,rn2kbnr/pp1qpppp/3p4/2p5/4P3/2N2N2/PPPP1PPP/R1BQK2R b KQkq - 1 5,5,600+0
1261,1238,23,1249.5,0.0,3r3r/p2Rnkp1/b1p2p1p/8/2N1P3/1P3N2/P1P2PPP/R5K1 w - - 3 21,21,600+0
1085,1057,28,1071.0,0.0,rnbqkbnr/pppp1ppp/8/4p3/4P3/5N2/PPPP1PPP/RNBQKB1R b KQkq - 1 2,2,600+0
1044,654,390,849.0,1.0,2kr3r/ppp1n1p1/2np3p/7q/P2B4/1PQ3P1/2P2P1P/R5K1 w - - 0 21,21,600+0
2161,2046,115,2103.5,0.0,8/1pk5/1pp2p2/4pPpP/PP2Pb2/1bPKNN1P/8/8 b - - 0 34,34,600+0
1950,1937,13,1943.5,1.0,r1bqkbnr/1ppp1ppp/p1n5/4p3/B3P3/5N2/PPPP1PPP/RNBQK2R b KQkq - 1 4,4,600+0
1874,1833,41,1853.5,1.0,r1bq1rk1/p1pnppbp/1p1p1np1/3P4/2P2B2/2NBPN2/PP3PPP/R2QK2R b KQ - 0 8,8,600+0
1914,1825,89,1869.5,1.0,rnbqkb1r/pppp2pp/4pB2/8/3Pp3/2N5/PPP2PPP/R2QKBNR b KQkq - 0 5,5,300+0
2166,2131,35,2148.5,0.0,r1bq1rk1/pp2ppbp/2n2np1/3pN3/3P4/2N3P1/PP2PPBP/R1BQK2R w KQ - 2 9,9,300+0
1708,1630,78,1669.0,0.0,rnbqkbnr/ppp1pppp/8/3P4/8/8/PPPP1PPP/RNBQKBNR b KQkq - 0 2,2,300+0
1933,1931,2,1932.0,0.0,r3kb1r/ppq2ppp/2np1n2/2p1p3/4PP2/2PP1B2/PP4PP/RNBQ1RK1 w kq - 2 9,9,300+0
1565,1563,2,1564.0,0.0,5k2/4q1p1/p1Q1P2p/1p1p1P2/6P1/P1P4P/1P3PK1/8 b - - 0 36,36,300+0
1917,1875,42,1896.0,1.0,rnbqkb1r/pppp1ppp/4pn2/6B1/3P4/2N5/PPP1PPPP/R2QKBNR b KQkq - 1 3,3,600+0
1820,1814,6,1817.0,0.0,4qrk1/R1p2bpp/8/2Qp1p2/P1nP4/2P3P1/4PPBP/5RK1 w - - 3 23,23,300+0
1931,1930,1,1930.5,0.5,r2qkbnr/ppp2ppp/2n1p3/3p1b2/3P1B2/2P2N2/PP2PPPP/RN1QKB1R w KQkq - 0 5,5,300+0
1724,1722,2,1723.0,0.0,rnbqkbnr/pppp1ppp/8/4p3/2B1P3/8/PPPP1PPP/RNBQK1NR b KQkq - 1 2,2,600+0
2047,2012,35,2029.5,1.0,rnbqkb1r/pppppppp/5n2/8/3P4/2N5/PPP1PPPP/R1BQKBNR b KQkq - 2 2,2,300+0
1800,1790,10,1795.0,0.0,r3rnk1/p1q5/5p2/1b1p2B1/1PpP4/2P2N2/5PPP/R2Q1NK1 w - - 0 22,22,300+0
1997,1981,16,1989.0,0.5,8/1b6/p4k2/1p3p2/1P3P1p/P3N2P/4K3/8 b - - 0 41,41,600+0
1976,1974,2,1975.0,0.0,r5k1/pp3ppp/7r/3pb3/1P2nP2/2P4q/PB2B2N/R2Q1R1K w - - 1 22,22,600+0
1692,1685,7,1688.5,0.0,8/1R6/8/1K5p/2P4P/qPk5/8/8 b - - 4 57,57,600+0
1337,1337,0,1337.0,1.0,4R3/pkb5/6p1/7p/P1Br3P/1P3PP1/6K1/8 w - - 6 45,45,600+5
1499,1467,32,1483.0,1.0,r3k2r/pbpnqppp/1p1pp1n1/4P3/2PP4/5N2/PP2BPPP/RN1Q1RK1 w kq - 0 10,10,600+5
1685,1654,31,1669.5,1.0,4R3/8/2pb1r2/3p3p/3P2pk/2P5/6KP/8 b - - 7 46,46,600+5
1152,1124,28,1138.0,0.0,rn1k1bnr/p5p1/2p1b1Np/1p6/4P3/8/PPP2PPP/RNB2RK1 b - - 2 12,12,600+5
2059,1984,75,2021.5,1.0,2r3k1/5pb1/p5N1/1p1Q4/1P2N3/PK4P1/1P1R3P/2q5 w - - 1 42,42,600+5
1836,1826,10,1831.0,1.0,r4rk1/p1p2pp1/2p2N1p/5Q2/5p2/8/Pq4PP/R4R1K b - - 0 21,21,600+5
929,917,12,923.0,0.0,r1bqk1nr/ppp2ppp/2pb4/4p3/4P3/5N2/PPPP1PPP/RNBQ1RK1 w kq - 2 6,6,600+5
1500,1348,152,1424.0,0.0,5rk1/1pR1Rpp1/p2p4/7p/6P1/1bP4P/1P1K1P2/1q6 w - - 0 33,33,600+5
734,593,141,663.5,1.0,r1bqkbnr/pppp3p/2n1p1p1/1B3p2/5P2/4P3/PPPP2PP/RNBQK1NR b KQkq - 3 5,5,600+5
1120,956,164,1038.0,0.0,r2q1rk1/pp1n1pbp/2pp1np1/4p3/3PPBb1/2PB1N2/PP1N1PPP/R2Q1RK1 w - - 0 10,10,600+0
1305,1188,117,1246.5,1.0,1r1k1b1r/2p1pppp/Q3q2n/P2pP3/Nn1P4/R3B3/1PP2PPP/5RK1 w - - 3 18,18,600+0
1634,1633,1,1633.5,0.0,3r2k1/1pp1bpp1/p6p/8/1Pn2N1P/P1P1P1P1/3RKP2/7R b - - 0 21,21,600+0
1796,1723,73,1759.5,0.0,r1b2rk1/1ppp1pp1/p6p/3qPP2/3n4/3B4/PPQ3PP/R1B2RK1 w - - 3 18,18,600+0
1911,1861,50,1886.0,1.0,r4rk1/pp4pp/4b3/1qNpNp2/3n4/P3B3/5PPP/R2Q1RK1 b - - 0 19,19,600+0
1136,1117,19,1126.5,1.0,r3k2r/pp2b1pp/n3qpn1/1Np1p3/P3P3/4BN1P/2P2PP1/R2Q1RK1 b kq - 0 15,15,600+0
1565,1543,22,1554.0,0.0,r1b2rk1/ppqp2bp/4p1p1/5p2/Q7/8/PP1P1PPP/1RB1NBK1 b - - 0 18,18,600+0
1631,1628,3,1629.5,0.0,3r2k1/1p3pp1/p1p4p/8/2R3P1/1P3BB1/Pq2P1K1/4R3 w - - 6 29,29,600+0
950,807,143,878.5,0.0,r1b1k2r/ppp1b1pp/2n2p2/3q4/7P/4Q1P1/PPnB4/RN2KBNR w KQkq - 0 14,14,600+0
1510,1454,56,1482.0,1.0,r1bq1b1r/pppp1kpp/2n2n2/8/3pP3/8/PPP2PPP/RNBQKB1R w KQ - 0 6,6,600+0
1730,1689,41,1709.5,1.0,r1bqkb1r/pppp1pp1/2n2n1p/4p3/2B1P3/3P1N2/PPP2PPP/RNBQK2R w KQkq - 0 5,5,300+0
1521,1419,102,1470.0,0.0,r5k1/1p1b1pp1/3q3p/p1p4Q/P3P3/3P2RP/1PP2PP1/4R1K1 b - - 1 25,25,300+0
2025,2022,3,2023.5,1.0,3r1rk1/pp1n2pn/2p4p/3pq3/1PP1p3/P3P1P1/4NPBP/2RQ1RK1 w - - 1 19,19,300+0
967,959,8,963.0,1.0,r1bqkbnr/1pp2ppp/p1n1p3/3p4/1P1P4/2P1P3/P4PPP/RNBQKBNR w KQkq - 0 5,5,300+0
1201,1173,28,1187.0,1.0,7Q/6R1/1p3p2/4p3/6P1/3r2k1/p2N4/3R2K1 b - - 0 44,44,300+0
1960,1891,69,1925.5,0.0,r1b1k2r/p3ppbp/2p3p1/8/4B3/4BP2/PPP3PP/R2qK2R w KQkq - 0 12,12,300+0
1137,1100,37,1118.5,1.0,r5k1/p1p2p1p/1p3bp1/1P1b2n1/Q1NPr3/2P1P3/5PPP/R1B1R1K1 w - - 1 27,27,300+0
1069,1037,32,1053.0,1.0,2krr3/1b2qppp/1p5n/pPp5/3p1P2/RP1NP3/2P3PP/3Q1RK1 w - - 1 22,22,300+0
1347,1343,4,1345.0,0.0,rn1qkbnr/ppp2ppp/3p4/4p3/2B1P1b1/3P1N2/PPP2PPP/RNBQK2R b KQkq - 0 4,4,300+0
1687,1660,27,1673.5,0.0,4rr1k/5p1p/1qp5/p2p2Q1/P2N4/1Pb1P3/2P2PPP/R4RK1 w - - 3 23,23,300+0
1774,1754,20,1764.0,1.0,r3k1nr/pp2bpp1/2p3qp/P3p3/Q3P3/2P2NPb/1P3P1P/RNBR2K1 b kq - 0 14,14,300+0
1397,1395,2,1396.0,0.0,r5qr/1ppk3p/p1n3n1/3p1p1Q/3P4/2P1PN2/PP1N1PPP/R3K2R w KQ - 0 14,14,300+0
1551,1522,29,1536.5,1.0,r2qkbnr/pp2pppp/2p5/3pPb2/2BP4/2N1BN2/PPP2PPP/R2QK2R b KQkq - 0 7,7,300+0
2020,2001,19,2010.5,0.0,r1b1kb1r/2q1pp1p/p4np1/1PpP4/5B2/2N2Q2/PP4PP/R3KB1R b KQkq - 0 12,12,300+0
875,841,34,858.0,0.0,6k1/p4p2/7p/5Np1/5q2/2P5/NP1RrP2/2K4R b - - 1 25,25,300+0
1585,1554,31,1569.5,1.0,rnb1k2r/4bppp/pq2p3/1pp5/4P3/P1NPBB2/2P2PPP/R2Q1RK1 w kq - 0 13,13,300+0
1540,1540,0,1540.0,1.0,5nk1/5pp1/p6p/1p2Q3/1P6/2PKPN2/1q3B2/8 b - - 2 45,45,300+0
1652,1647,5,1649.5,1.0,r2qk1nr/ppp1ppbp/3p2p1/8/3nP3/2N1BQ1P/PPP2PP1/R3KB1R w KQkq - 0 8,8,300+0
1764,1664,100,1714.0,0.0,rn2k1nr/1pp2pp1/3p1q1p/p1b2P2/P1B5/8/1PP2PPP/RNBQ1RK1 b kq - 0 9,9,300+0
1811,1744,67,1777.5,1.0,r2qkb1r/pbpp1ppp/1pn1pn2/8/3P4/5NP1/PPP1PPBP/RNBQ1RK1 w kq - 6 6,6,300+0
2235,2220,15,2227.5,1.0,2r2rk1/pp2bppp/4p3/8/1n1P4/5NB1/QP3PPP/2RR2K1 b - - 0 22,22,300+0
642,587,55,614.5,1.0,r1bqk2r/pppp1ppp/2n2n2/1Bb1p3/4P3/2N2N2/PPPP1PPP/R1BQK2R w KQkq - 6 5,5,300+0
1415,1412,3,1413.5,1.0,rnbqkbnr/pppp1ppp/4p3/8/3P1B2/8/PPP1PPPP/RN1QKBNR b KQkq - 1 2,2,300+0
1440,1422,18,1431.0,0.5,8/2k5/8/2p4p/2P1N1p1/2p1n3/P6r/2K3R1 b - - 1 40,40,300+0
1090,1021,69,1055.5,0.0,rnbqkbnr/pppp1ppp/4p3/8/2PP4/8/PP2PPPP/RNBQKBNR b KQkq - 0 2,2,300+0
1500,1493,7,1496.5,0.0,5r1k/pR5p/6p1/4p1n1/6P1/2NP2b1/PPP3B1/R6K b - - 2 23,23,1500+0
1297,894,403,1095.5,0.5,r4rk1/pbppqpp1/1pn5/4P3/5Q1R/2PB2P1/PP3P2/RNB1K3 w Q - 11 18,18,1800+3
2053,2003,50,2028.0,1.0,1r1q1rk1/p2b1pbp/np1p1np1/2pPp3/2P1P3/P1NBBPN1/1P4PP/R2Q1RK1 w - - 0 13,13,300+3
1369,1328,41,1348.5,0.5,r4rk1/3q2pp/1b3p2/4p3/1pp1P3/3P4/2PQN1PP/R4R1K w - - 0 24,24,300+3
1557,1535,22,1546.0,1.0,r3r1k1/pp3ppp/5n2/5bB1/4p3/2PB1P1P/P5P1/R3R1K1 w - - 0 17,17,300+3
1382,1381,1,1381.5,1.0,r1bq1rk1/1p2bpp1/p4n1p/2pp4/8/2N2N2/PPP2PPP/R1BQR1K1 b - - 1 13,13,300+3
971,965,6,968.0,1.0,2k1r3/1p1b1ppp/1p1b4/p2p4/2nPp3/1QP5/4KPq1/RN2R3 w - - 0 29,29,300+3
1207,1199,8,1203.0,0.0,rn1qkbnr/pp2pppp/8/3p1b2/8/2N2N2/PPPP1PPP/R1BQKB1R w KQkq - 2 5,5,300+3
1237,1208,29,1222.5,1.0,r5k1/1pp2p1p/p2q3p/3p3r/4n3/2P1PQP1/PP3P2/RN3RK1 b - - 0 21,21,300+3
1189,1094,95,1141.5,1.0,1k1N2nr/pp1n2bp/6p1/8/3P4/5N2/Pq1B1PPP/2RQK2R b K - 0 16,16,300+3
1796,1782,14,1789.0,0.0,6k1/2R3p1/p6p/1p6/3P4/2B2b1P/qP6/4r1K1 w - - 0 36,36,300+3
1501,1390,111,1445.5,1.0,rnbqkbnr/pp3ppp/4p3/2ppP3/3P4/2N2N2/PPP2PPP/R1BQKB1R w KQkq - 1 6,6,300+3
1602,1572,30,1587.0,1.0,2kr3r/Qp5p/1Pq2p2/5p2/5P2/1P6/P2pp1PP/3R1R1K w - - 0 34,34,300+3
1085,1053,32,1069.0,1.0,r1bqk2r/p1ppppbp/1pn2np1/6B1/3P4/2N5/PPPQPPPP/2KR1BNR w kq - 0 6,6,600+0
1065,1036,29,1050.5,1.0,rnbqkb1r/ppp1pppp/5n2/3p4/3P4/2N5/PPP1PPPP/R1BQKBNR w KQkq - 2 3,3,600+0
1265,1262,3,1263.5,1.0,rnbqkbnr/pppp1ppp/8/4p3/4P3/8/PPPP1PPP/RNBQKBNR w KQkq - 0 2,2,600+0
1500,1500,0,1500.0,0.0,rnbqkbnr/pppp1ppp/8/4p3/8/6P1/PPPPPP1P/RNBQKBNR w KQkq - 0 2,2,300+0
1174,726,448,950.0,0.5,8/8/8/5P2/1RNB3p/8/k2K2PP/8 w - - 0 42,42,300+0
1677,1640,37,1658.5,0.0,8/ppkr2p1/1q1prp2/2pR4/2P1P3/P2Q1P2/1P1R2PP/1K6 w - - 3 36,36,600+0
1292,1285,7,1288.5,0.0,rnb1kbnr/ppp1qp1p/3p2p1/3Np3/2B1P3/5Q2/PPPP1PPP/R1B1K1NR b KQkq - 3 6,6,300+5
1592,1547,45,1569.5,1.0,rnbqkbnr/1p3p1p/p2pp1p1/2p5/2B1P3/3P1N2/PPP2PPP/RNBQ1RK1 w kq - 0 6,6,300+3
1321,1260,61,1290.5,0.0,r2qkb1r/pbpp1ppp/1pn1pn2/8/3PP3/3BBP2/PPP3PP/RN1QK1NR w KQkq - 0 6,6,300+0
1397,1393,4,1395.0,0.0,8/8/p6K/P1B5/3P4/6k1/8/8 w - - 1 58,58,600+0
1566,1497,69,1531.5,0.0,r1b1kb1r/pp2pppp/2n5/q7/3p4/3BP1P1/PPPN1PP1/R2QK1NR b KQkq - 3 11,11,600+0
1898,1784,114,1841.0,0.0,2r2rk1/4bppp/p3pnb1/1p1qB3/3P4/5P2/PP2B1PP/R2Q1RK1 w - - 1 18,18,600+0
1756,1725,31,1740.5,0.0,r2q1r1k/pp4pp/2p3n1/3P1b2/3B4/1B4P1/PPP2P1K/R2QR3 b - - 0 19,19,600+0
1482,1468,14,1475.0,0.0,1r1r2k1/1b3p1p/1pn2qp1/8/2P5/2N1PB1Q/PP3PPP/R3K2R b KQ - 4 16,16,600+0
1061,1061,0,1061.0,1.0,rnbqkb1r/ppp2ppp/3p1n2/1B1Pp3/4P3/2N2N2/PPP2PPP/R1BQK2R b KQkq - 4 6,6,600+0
1629,1595,34,1612.0,0.0,rnbqkbnr/pppp1ppp/4p3/8/4P3/8/PPPP1PPP/RNBQKBNR w KQkq - 0 2,2,600+0
986,969,17,977.5,0.0,r1b2r1k/ppp2p1p/3p4/5P2/8/2P5/PP6/R5QK w - - 1 22,22,600+0
1314,1299,15,1306.5,0.0,r4rk1/pb3p1p/1bp2qp1/3p3Q/8/2NB3P/PPP2PP1/R3R1K1 w - - 0 17,17,600+0
2012,1978,34,1995.0,1.0,7r/pNrnkp2/1p2p2p/8/5P2/3P2P1/PqP3P1/2RQKB1R w K - 3 20,20,600+0
1378,1363,15,1370.5,1.0,1k3bnr/ppp1pppp/6r1/3P1q2/Pn6/1PN1B3/2P1RPPP/R2Q2K1 w - - 3 21,21,600+0
1710,1660,50,1685.0,0.0,r2q1rk1/pp3ppp/2pb1nb1/8/2P5/1P1n2P1/PBQ1PPBP/3R1RK1 w - - 0 16,16,600+0
2297,2176,121,2236.5,1.0,r1bq1rk1/pp3ppp/2np4/3N2b1/3PP3/3B2N1/PP3QPP/R4RK1 b - - 2 15,15,300+0
1783,1776,7,1779.5,1.0,r1b2rk1/1pq2ppp/p2p1b2/2p1p3/2P1P3/P1P2N1P/1P2QPP1/RN3RK1 w - - 0 14,14,300+0
1229,1114,115,1171.5,1.0,rnbqkb1r/ppp1pp1p/3p1np1/8/3PP3/2N2N2/PPP2PPP/R1BQKB1R b KQkq - 1 4,4,1800+0
851,813,38,832.0,1.0,r1bqk1nr/pppp2pp/8/2b1P3/8/1P6/P1P1P1PP/RNBQKB1R b KQkq - 0 7,7,300+0
1569,1535,34,1552.0,1.0,1r4k1/3R1R2/7p/pp6/3P4/2P4P/PP2r1PK/8 w - - 9 36,36,300+0
1262,1246,16,1254.0,1.0,r7/pp3k1p/1b3q2/3p2p1/P1p1n3/2P1PQ1P/1P3PP1/R4RK1 w - - 3 25,25,300+0
779,743,36,761.0,0.0,r1bqkb1r/pp3pp1/2p4p/2npp3/6Q1/4P2N/PPPPBPPP/RNB1K2R w KQkq - 1 9,9,300+0
1045,977,68,1011.0,1.0,r3k1r1/p1p5/2p5/3p1bp1/3Pp2p/1P2K1N1/P1q4P/6Q1 b - - 1 34,34,300+0
1941,1936,5,1938.5,1.0,r1q5/4b2k/2b1p1p1/1p2Pp1p/1PpP1P1P/r1N3P1/R1QB3K/1R6 b - - 8 39,39,300+0
1089,1067,22,1078.0,1.0,r2qk2r/1bp1b2p/pp1pp1N1/nP6/P2P1Qn1/2P5/B4PPP/RNB2RK1 b kq - 4 17,17,300+0
1407,1403,4,1405.0,0.0,4k2r/p1pr2p1/4p3/4q2p/PbQ1Np2/5P2/1P2R1PP/R6K b k - 3 30,30,300+0
2111,2032,79,2071.5,1.0,rn3rk1/pp2qpbp/2p3p1/4pb2/2P5/4QNP1/PP2PPBP/R1B2RK1 b - - 2 12,12,300+0
1800,1765,35,1782.5,1.0,rn1qk1nr/ppp1ppbp/3p2p1/8/3PP1b1/2N2N2/PPP1BPPP/R1BQK2R b KQkq - 3 5,5,300+0
1546,1513,33,1529.5,0.5,r1bq1rk1/1p2bppp/p1np1n2/4p1B1/4P3/2NB1N2/PPP2PPP/R2Q1RK1 w - - 0 10,10,300+0
1212,1211,1,1211.5,0.0,r4rk1/pp2nppp/1qn1p3/1B1pPbB1/1b1P4/2N2N2/PP3PPP/R2QK2R b KQ - 6 11,11,300+0
1393,1355,38,1374.0,0.0,r4rk1/1pp1npp1/p2bpq1p/1P1p4/3P4/P1P1P1P1/3BQP1P/R4RK1 b - - 0 17,17,300+0
1340,1327,13,1333.5,0.0,rn1qkb1r/pp2pppp/5n2/1N1p4/3P4/5Q2/PPP2PPP/R1B1K1NR b KQkq - 0 7,7,300+0
1892,1880,12,1886.0,0.0,r1b1kbnr/ppp1pppp/2n5/3q4/8/2N2N2/PPPP1PPP/R1BQKB1R b KQkq - 1 4,4,300+0
1133,1130,3,1131.5,1.0,r2k1b1r/ppp3pp/3pn3/4p3/6qN/N1P1PR2/PP1PKP2/R1B5 b - - 3 17,17,300+0
1764,1730,34,1747.0,1.0,r3k2r/p1bn2p1/2p1pq2/2Pp1ppn/3P4/3BP2P/P2NQPP1/R1B2RK1 w kq - 0 16,16,300+0
1551,1505,46,1528.0,0.0,r1k2q1r/pppnn3/5N2/4P1p1/6Q1/8/PP3PPP/3RK2R w K - 5 19,19,1800+20
1500,1310,190,1405.0,0.0,r2q1rk1/p1p2ppp/8/1p2p3/3n4/P1Q1B2P/1PP2PP1/2KR1B1R w - - 0 16,16,600+0
885,863,22,874.0,0.0,r1b2rk1/1pp3pp/p2b2p1/n2n4/q2Pp3/2P1P2P/PP1B2Q1/RNK2BNR w - - 0 18,18,600+0
1704,1681,23,1692.5,0.0,r1bqkbnr/pppppppp/2n5/8/4PP2/8/PPPP2PP/RNBQKBNR b KQkq - 0 2,2,600+0
1567,1537,30,1552.0,1.0,3rq2r/kb1p4/p3P3/1pp2NN1/7P/6Q1/PPPR4/2KR4 w - - 1 40,40,600+0
1031,1025,6,1028.0,0.5,8/8/8/8/5k2/4pq2/8/2K5 b - - 5 73,73,600+0
720,663,57,691.5,1.0,r1bqkbnr/ppp2ppp/2np4/4p3/3PP3/5N2/PPP2PPP/RNBQKB1R w KQkq - 0 4,4,600+0
1151,1144,7,1147.5,0.0,r1b2rk1/p5pp/1pp1p3/2q1p3/4P3/2P1NB2/PP1QK1PP/R6R b - - 1 18,18,600+0
1534,1442,92,1488.0,1.0,8/6p1/3k1p1p/3P1P2/1p4PP/1PbR4/2P2K2/2r5 w - - 6 38,38,600+0
841,749,92,795.0,1.0,2r1kb1r/pp3ppp/4p3/1N1nn3/1q6/4P3/PB1Q1PPP/1R2K1NR b Kk - 0 16,16,600+0
1112,1049,63,1080.5,1.0,r1br2k1/ppQ2ppp/2n5/3p4/8/3P4/PPP2nPP/RNB1KB1R w KQ - 0 10,10,600+0
1677,1640,37,1658.5,1.0,r2q1rk1/pp2ppbp/2npbnp1/2p3B1/2B1P3/2PP1N1P/PP3PP1/RN1Q1RK1 w - - 3 9,9,600+0
1245,1209,36,1227.0,1.0,r1bqB2k/ppp4p/2n3p1/b5N1/4Q3/2PP4/PP3PPP/RNB1K2R w KQ - 0 13,13,600+0
993,655,338,824.0,1.0,Q1b3k1/p3Bppp/2rp4/7P/3pP3/1R3N2/1PP1KPP1/5B2 w - - 1 30,30,600+5
1085,695,390,890.0,0.0,r1bqkb1r/ppp2p1p/3p1np1/4p3/1nQ1P3/1B6/PPPP1PPP/RNB1K1NR b KQkq - 3 7,7,600+5
1100,796,304,948.0,1.0,rnbr2k1/ppppbppp/8/8/2B5/5Q2/PPPP1PPP/RNB1K2R w KQ - 0 9,9,600+5
1120,835,285,977.5,1.0,r4rk1/pp3pp1/3Rb2p/2p5/3nP3/P1N5/1PP2PPP/4KB1R w K - 1 15,15,600+5
1218,904,314,1061.0,1.0,r6r/1Q1kqp2/2pp1n1p/p5p1/4P3/3P1KBP/P1P2PP1/7R b - - 0 19,19,600+5
2018,1461,557,1739.5,1.0,1k1r1bnr/pppq1ppp/2np4/1B2P3/4P1b1/2N1BN2/PPP2PPP/R2Q1RK1 b - - 8 8,8,1800+0
2089,1657,432,1873.0,1.0,6k1/4q1p1/4p2p/3pB2P/1PpPb1P1/2P5/6r1/R2Q1K2 b - - 4 34,34,1800+0
970,735,235,852.5,1.0,rnbqk2r/pppp1ppp/5n2/2b1p3/2B1P3/5N2/PPPP1PPP/RNBQK2R w KQkq - 4 4,4,300+5
1002,882,120,942.0,1.0,r1bqkb2/pppp1Npr/2n2n1p/4p3/2B1P3/8/PPPP1PPP/RNBQK2R w KQq - 1 6,6,300+5
1931,1879,52,1905.0,1.0,4r1k1/1p3p2/p1r1bQpp/P2p2N1/n2P2P1/7P/1q2NP2/1R2R1K1 b - - 1 31,31,600+0
2095,2032,63,2063.5,1.0,rn2k1nr/pp3ppp/1b2b3/1p6/3P1p2/2N2N2/PPP2KPP/R1BQ4 w kq - 0 11,11,600+0
2027,2027,0,2027.0,1.0,rnbqkb1r/pppppp1p/8/8/3PP2p/8/PPP1P1PP/RN1QKBNR b KQkq - 0 5,5,600+0
1761,1744,17,1752.5,0.5,r3kb1r/pp1b1ppp/1qn1p3/3pPn2/3P4/2N2N2/PP2BPPP/R1BQ1RK1 w kq - 3 10,10,600+0
1561,1481,80,1521.0,0.0,8/1k6/p1Q4p/1p2P1p1/8/2P1B1P1/PP5P/3R2K1 b - - 0 36,36,600+0
1530,1515,15,1522.5,1.0,r4b1r/pp2pkp1/3pqn1p/2p5/2P3P1/3P1n2/PP2N1RP/R1BQK3 w Q - 0 15,15,300+3
1181,1178,3,1179.5,0.0,r1bqkbnr/pppp1ppp/2n5/4p3/4P3/5N2/PPPP1PPP/RNBQKB1R w KQkq - 2 3,3,300+3
1043,883,160,963.0,1.0,r1b1k2r/p1p1bppp/5n2/2pN4/8/4PN2/PPP3PP/R2QKB1R w KQkq - 3 12,12,300+3
1126,1109,17,1117.5,1.0,3r4/ppQ4p/5kp1/2p3N1/4P3/1P4KR/P1q3PP/RN6 b - - 0 29,29,300+3
1586,1534,52,1560.0,0.0,4r2k/pp5p/8/5p2/4Np2/1P3K2/6PP/8 w - - 0 29,29,300+3
1832,1803,29,1817.5,0.0,r1bqk2r/1pnn3p/p5p1/5p2/P4P2/1N1BN3/1PPK2PQ/R6R w kq - 1 21,21,300+3
1716,1660,56,1688.0,1.0,8/2q3kp/3p2p1/2p1p3/5r1b/2PP3P/4RPPQ/4R1K1 b - - 6 33,33,300+3
1255,1204,51,1229.5,0.0,4k2r/p1p3pp/4Ppq1/2b5/6b1/5BP1/PPP2P2/R1BrR1K1 w k - 0 18,18,300+3
541,494,47,517.5,1.0,3r2k1/p1p2ppp/1p5P/6P1/P1b2p2/2P5/4rK2/1R6 w - - 2 35,35,300+3
1709,1395,314,1552.0,0.0,8/4r3/R7/1p1k3P/6P1/8/PP3P2/1K6 w - - 1 36,36,900+0
1947,1801,146,1874.0,1.0,2rqk2r/1b1pbppp/ppn1pn2/2p5/4P3/2NPBNPP/PPPQ1PB1/R3K2R w KQk - 3 10,10,600+0
1938,1921,17,1929.5,0.0,r1b1k1nr/pp1n1pb1/3P4/q1pP3p/5BpP/1PNN4/P1PQB1P1/2KR3R w kq - 3 17,17,300+0
1718,1652,66,1685.0,0.0,rnbqkb1r/pppp1ppp/5n2/4p3/2P5/2N1P3/PP1P1PPP/R1BQKBNR b KQkq - 2 3,3,300+2
1138,979,159,1058.5,1.0,rnbqkbnr/pp2pppp/2p5/8/4P3/5N2/PPP2PPP/RNBQKB1R b KQkq - 0 4,4,900+10
737,711,26,724.0,1.0,rnbqkbnr/pppp1ppp/8/4p3/4P3/8/PPPP1PPP/RNBQKBNR w KQkq - 0 2,2,600+0
1284,1269,15,1276.5,1.0,2r1k2r/pbq2ppp/1pnbpn2/1B1pN3/Q2P1B2/4P3/PP3PPP/RN3RK1 w k - 5 12,12,600+0
1817,1805,12,1811.0,1.0,1r3rk1/p1p2p2/1Bp3p1/7p/4PP2/2P3P1/P5BP/3R1RK1 b - - 0 23,23,600+0
1580,1524,56,1552.0,1.0,r2q1b1r/1bp1k1p1/p1n1p2p/1pP2p1B/3Pp3/PN2P3/1P3PPP/R1BQ1RK1 w - - 0 14,14,600+0
1712,1707,5,1709.5,1.0,r1bqkbnr/pppnpppp/3p4/8/3P4/5N2/PPP1PPPP/RNBQKB1R w KQkq - 2 3,3,600+0
1451,1429,22,1440.0,1.0,rnbqkbnr/1p3ppp/p2pp3/2p5/2B1P3/3P1N2/PPP2PPP/RNBQ1RK1 b kq - 1 5,5,600+0
963,899,64,931.0,1.0,r2q1rk1/pb1nppbp/1p3np1/3P4/2B2B2/P1N2Q1P/1P3PP1/R3K1NR b KQ - 2 12,12,600+0
1501,1494,7,1497.5,0.0,rnbqkbnr/pp1p1ppp/2p1p3/8/3PP3/5N2/PPP2PPP/RNBQKB1R b KQkq - 1 3,3,600+0
1638,1629,9,1633.5,1.0,r4rk1/pp3pp1/2p4p/2N4q/4P2Q/PB5K/1PPB2P1/R7 b - - 2 22,22,600+5
1799,1786,13,1792.5,1.0,r2qkb1r/pp2p1pp/2n1bn2/3p1p2/2pP1B2/2P1PN2/PPBN1PPP/R2QK2R b KQkq - 3 8,8,300+0
967,919,48,943.0,0.0,rnbqkb1r/pppp1ppp/5n2/4p3/4P3/2P5/PP1P1PPP/RNBQKBNR w KQkq - 1 3,3,300+3
1118,1114,4,1116.0,0.0,r5nr/pppk1pqp/3p2p1/2nP2B1/4P3/2P2N2/P1PQ2PP/R3K2R w KQ - 0 13,13,300+3
883,820,63,851.5,0.0,6nr/8/2R5/4q1kp/5r1N/4N2P/6P1/4R1K1 w - - 1 37,37,300+3
1520,1517,3,1518.5,1.0,rnbqkbnr/ppp2ppp/4p3/3p4/2PP4/8/PP2PPPP/RNBQKBNR w KQkq - 0 3,3,300+3
1769,1762,7,1765.5,0.0,rnbq1rk1/pp2b1pp/8/2pn1p2/4P3/2N3P1/PPNPP1BP/R1BQ1RK1 b - - 0 11,11,300+0
1811,1738,73,1774.5,1.0,r1bqk2r/pppnnpbp/3pp1p1/8/3PP3/2NB1N2/PPP2PPP/R1BQR1K1 b kq - 3 7,7,600+0
1607,1582,25,1594.5,0.0,r1bqkbnr/5ppp/p1npp3/1pp5/4PB2/1B1P1N2/PPPN1PPP/R2QK2R b KQkq - 1 7,7,300+0
1478,1475,3,1476.5,1.0,1k1r3r/p1p2pp1/B1pb2qp/7n/6b1/2N1BN2/PPP3PP/3RQRK1 w - - 2 17,17,300+0
1469,1441,28,1455.0,0.0,3r2k1/5pp1/2b4p/1n1P1P2/2P3P1/1Pq1KQ2/2P4P/3R3R w - - 3 33,33,300+0
1439,1386,53,1412.5,1.0,8/2p5/1p4kp/p4RP1/P1p4K/2P5/1r6/8 b - - 0 48,48,300+0
1328,1309,19,1318.5,1.0,r1bqk2r/pp2b1pp/3ppn2/2pPp3/2P1P3/1PNB4/P4PPP/R2QK1NR w KQkq - 2 10,10,300+0
1193,917,276,1055.0,0.0,rn1q1r1k/5pp1/1ppp1b1B/p3p3/4P3/1B1P4/PPP2PQP/R4RK1 w - - 1 15,15,300+0
1531,1424,107,1477.5,1.0,1R6/4nk1p/4p1pr/2P5/8/1K6/8/8 b - - 0 37,37,600+0
1125,737,388,931.0,1.0,r3r1k1/ppp2ppp/1P3n2/8/4p3/1N3PP1/P1Q3BP/4K2R b K - 0 25,25,600+0
1840,1810,30,1825.0,1.0,r6r/p2k1pp1/b1p1p3/2PpP3/PP1B2QN/2P3Kp/3q3P/1R2R3 b - - 0 27,27,300+3
1809,1773,36,1791.0,1.0,1r1q1rk1/5ppp/p1npb3/1p2p2n/4P3/PN1B1PP1/1PPBQ2P/2KR3R w - - 4 16,16,300+3
1384,1378,6,1381.0,1.0,rnbqk1nr/pp2ppbp/3p2p1/2pP4/4P3/5N2/PPP2PPP/RNBQKB1R w KQkq - 0 5,5,300+3
1909,1900,9,1904.5,0.0,rnbqkb1r/ppppnppp/4p3/8/3P1B2/5N2/PPP1PPPP/RN1QKB1R b KQkq - 3 3,3,300+0
1993,1940,53,1966.5,0.5,8/4Qpkp/6p1/8/2Rp4/p7/P1P1nPPP/4R2K b - - 1 34,34,420+0
2217,2214,3,2215.5,0.5,rnbqkb1r/p1pp1ppp/1p2pn2/8/2PP4/5N2/PP2PPPP/RNBQKB1R w KQkq - 0 4,4,300+0
1444,1370,74,1407.0,1.0,q4rk1/1b3ppp/3bpn2/1p2B3/2BP4/2N1QP2/1P4PP/5RK1 w - - 0 18,18,300+0
1611,1611,0,1611.0,0.0,2r1r1k1/n1qb1ppp/p1p1pn2/1pPp4/1P4N1/P1P1P1P1/1B2BP1P/R2Q1RK1 b - - 4 16,16,300+0
1114,933,181,1023.5,1.0,rnbqkb1r/pppp1p1p/3n2p1/4p3/2B5/2NP1N2/PPP2PPP/R1BQK2R w KQkq - 0 6,6,300+0
2031,1961,70,1996.0,0.0,2kr3r/1pp2p2/p3PP2/1b1Pn1Bp/8/4N1P1/P4KB1/R7 w - - 1 28,28,300+0
892,843,49,867.5,0.0,7r/p7/2p3K1/1kP5/1P3P2/8/8/2R5 b - - 0 49,49,300+0
1009,868,141,938.5,0.0,r3k2r/p1Q1bppp/2p1p3/3p4/4b3/5P2/PPP3PP/2KR3R b kq - 0 18,18,300+0
1723,1706,17,1714.5,1.0,4rr1k/pp4bp/2p2pp1/3q4/6Q1/1P3N1P/PBP2PP1/1R3RK1 w - - 2 23,23,300+0
1840,1834,6,1837.0,0.5,rnbqk1nr/ppppppbp/6p1/8/3PP3/8/PPP2PPP/RNBQKBNR w KQkq - 1 3,3,300+0
1944,1891,53,1917.5,1.0,r1r3k1/1b1N1ppp/pq1p1b2/1p3P2/3P4/1N1Q4/PP4PP/2R2R1K b - - 1 20,20,300+0
1497,1491,6,1494.0,1.0,rnbqkbnr/pp1ppppp/8/2p5/4P3/8/PPPP1PPP/RNBQKBNR w KQkq - 0 2,2,300+0
1076,985,91,1030.5,1.0,r2q1rk1/ppp2ppp/2np1n2/4p3/1PPbP3/P1N2N1P/2P1QPP1/R1B2RK1 w - - 1 12,12,300+0
1512,1507,5,1509.5,1.0,2kr3r/2p2pp1/p2qbn1p/np1p4/3P4/2PB1N1P/PPN1QPP1/R3R1K1 b - - 1 14,14,300+0
2228,2063,165,2145.5,1.0,6rk/5p2/3b2rp/p3p3/P2p3P/6P1/1PQB1P1K/8 w - - 1 37,37,300+0
1804,1797,7,1800.5,0.0,3R4/4n1pk/p3K2p/4N2P/5B2/P4q2/8/8 b - - 5 45,45,300+0
1784,1723,61,1753.5,0.0,r3kbnr/pppq1ppp/2n1b3/3pp3/8/1P2P1P1/PBPP1PBP/RN1QK1NR w KQkq - 1 6,6,300+0
1876,1845,31,1860.5,1.0,3r1r1k/ppp3p1/7p/3Pp3/2P2p2/7P/PP4P1/4RR1K b - - 1 23,23,300+0
1669,1627,42,1648.0,0.0,r2q1rk1/p1bn2pp/2p1pn2/1p6/1P1Np3/P1N4P/1BP1QPP1/R3K2R w KQ - 0 16,16,300+0
1626,1523,103,1574.5,0.0,2k1r2r/pp1n2Q1/2pqp3/5p2/3P4/2N4P/PPP2PP1/3RR1K1 b - - 4 20,20,300+0
1562,1410,152,1486.0,0.0,r3r1k1/1pNb1pp1/4q2p/8/p2P4/P3PN1P/1PQ3P1/2KR3R b - - 0 21,21,600+0
1625,1621,4,1623.0,1.0,r1bqkb1r/pp2pppp/2np1n2/2p5/4P3/2NPBP2/PPP3PP/R2QKBNR b KQkq - 2 5,5,600+0
2014,1939,75,1976.5,1.0,r1b1r1kb/pp2pp1p/2np2p1/q1p3B1/2P1P1nP/2NP1N2/PP1QBPP1/R3K2R w KQ - 3 12,12,600+0
1728,1655,73,1691.5,0.0,4rk2/1R6/2P5/6pp/4p3/1P2K3/7P/8 w - - 0 42,42,600+0
856,850,6,853.0,0.0,r1bqk2r/ppp3pp/2n1p2n/4Pp2/3p1P1b/2PP1NP1/PP1QB2P/RNB1K2R b KQkq - 0 9,9,300+0
1747,1558,189,1652.5,1.0,r1bq1rk1/pppp1ppp/5n2/8/3QP3/2N4P/PP3PP1/R1B1KB1R b KQ - 0 9,9,900+0
1738,1730,8,1734.0,0.0,2r1k3/1Rr3pp/p1R2p2/4p3/4P3/6P1/PP3PKP/8 w - - 0 26,26,600+5
1499,1422,77,1460.5,0.0,3r1rk1/pppq1pp1/2p1bn1p/4b3/4PP1B/2NB4/PPPQ2PP/3RKR2 b - - 0 14,14,600+5
1859,1674,185,1766.5,0.0,1rb2b1r/pp1k2pp/3p1p2/3NnPB1/4q3/8/PPP3PP/R2Q1R1K w - - 0 16,16,600+5
1819,1815,4,1817.0,0.0,1k3r2/p1q1R2p/1p1r2pb/1Q1p4/2p5/3p2P1/P4P1P/4R1K1 b - - 1 37,37,300+0
1638,1575,63,1606.5,0.0,r1bqkbnr/pppp2pp/2n5/4pp2/2B1P3/5N2/PPPP1PPP/RNBQK2R w KQkq - 0 4,4,600+5
1369,1336,33,1352.5,0.0,1kb5/1p2Q3/3pnNK1/2p1p3/4P3/3P4/4qPPP/3R3R b - - 0 27,27,600+5
2210,2112,98,2161.0,1.0,r1bqkbnr/pp3ppp/2n5/2pp4/5P2/2N2N2/PPPP2PP/R1BQKB1R w KQkq - 0 6,6,600+0
1500,1345,155,1422.5,0.0,r2q1b1r/pp2pkpp/2np4/2p5/3Pn1b1/2P2N2/PP3PPP/RNBQ1RK1 w - - 0 8,8,300+3
1177,1175,2,1176.0,1.0,r2qk2r/pp3ppp/4p3/3pPn2/3n4/P1b2B1P/1P3PP1/R1BQR1K1 w kq - 0 14,14,300+3
1467,1439,28,1453.0,0.0,8/5k2/7p/6PP/1r3P2/5RKB/8/8 b - - 0 54,54,300+3
1609,1591,18,1600.0,0.0,rn3rk1/1pqbbppp/p2ppn2/8/P2NP3/2N1B3/1PP1BPPP/R2Q1RK1 w - - 1 11,11,300+3
1211,1203,8,1207.0,0.0,r3k2r/1pp1ppbp/p3b1p1/4P3/4BB2/2P1P3/PP3PPP/R2qK2R w KQkq - 0 12,12,300+3
683,595,88,639.0,1.0,r2qkbnr/p2p1ppp/bpn1p3/2p5/4P3/3PBN2/PPPQBPPP/RN2K2R b KQkq - 5 6,6,300+3
1698,1668,30,1683.0,1.0,r2qk2r/pp1nbppp/2p1pn2/4N2b/3P4/2N1B2P/PPP1BPP1/R2Q1RK1 b kq - 4 12,12,300+3
1562,1557,5,1559.5,0.5,r1bq1rk1/2p1bppp/p2np3/np1p4/3P4/PBN2N2/1PP2PPP/R1BQ1RK1 w - - 2 12,12,300+3
1950,1937,13,1943.5,1.0,rnbqkb1r/pp2pppp/3p1n2/8/3NP3/2N5/PPP2PPP/R1BQKB1R b KQkq - 2 5,5,300+3
1258,1173,85,1215.5,1.0,rnbqkb1r/ppp1pppp/5n2/3pP3/8/2N5/PPPP1PPP/R1BQKBNR b KQkq - 0 3,3,420+3
1603,1546,57,1574.5,0.0,8/7k/7P/8/4K3/8/3B4/8 b - - 8 60,60,300+0
1642,1507,135,1574.5,1.0,r2qk2r/ppp2pp1/2n5/3ppb1B/5B2/2P1P3/PP3PPP/R2QK2R w KQkq - 0 13,13,300+0
1901,1886,15,1893.5,1.0,8/k7/2K5/2P4p/5p1P/5P2/8/8 b - - 1 42,42,300+0
1476,1435,41,1455.5,1.0,r1bqkbnr/ppp5/2n1pp2/3p2p1/3P3p/2N1PNB1/PPP2PPP/R2QKB1R w KQkq - 0 8,8,300+0
1408,1398,10,1403.0,0.0,rnbqkbnr/pp1ppppp/8/2p5/4PP2/8/PPPP2PP/RNBQKBNR b KQkq - 0 2,2,300+0
1361,1357,4,1359.0,0.0,r2q2k1/p2b2pQ/2p2b1p/3p4/8/P2B4/2P2PPP/4R1K1 b - - 3 21,21,300+0
1736,1724,12,1730.0,0.0,5rk1/2pb1pp1/nbnp1q1p/3BP3/3P4/1Q3N2/1B1N1PPP/5RK1 b - - 0 20,20,300+0
1310,1290,20,1300.0,1.0,rnbqkbnr/ppp1pppp/8/3P4/8/8/PPPP1PPP/RNBQKBNR b KQkq - 0 2,2,300+0
1806,1801,5,1803.5,0.0,r3kb1r/1q2n2p/p3p1p1/1p1pPp2/2nP1P2/PQN5/1P2NBPP/2RR2K1 b kq - 6 21,21,300+0
1759,1749,10,1754.0,1.0,r1bq1rk1/3pbppp/p1p2n2/4p3/4PP2/2NBB3/PPP3PP/R2Q1RK1 b - - 0 10,10,300+0
905,904,1,904.5,0.0,r2q1rk1/p1p2ppp/1p3n2/1NbP2Nb/2BQ4/5P2/PPP4P/R1B2RK1 w - - 2 14,14,300+0
964,902,62,933.0,0.0,8/8/5K2/1kr5/8/8/8/4Q3 b - - 26 95,95,300+0
1329,1324,5,1326.5,1.0,r4rk1/p4ppp/8/8/2b5/4B2P/Pq1Q2P1/R3K2R b - - 1 26,26,300+0
1396,1375,21,1385.5,0.5,r4rk1/p3n1pp/R1p2p2/4p3/4P3/2P1P3/1P4PP/1N2K1NR w K - 1 18,18,300+0
1516,1452,64,1484.0,1.0,rnb1kb1r/1pq1pppp/p2p1n2/8/3NPP2/2NB4/PPP3PP/R1BQK2R b KQkq - 2 7,7,300+0
1447,1329,118,1388.0,1.0,8/p1pkb2r/2pp4/7q/6p1/2B5/P1P1QPP1/4R1K1 w - - 2 31,31,300+0
850,742,108,796.0,0.5,1k1B4/p1p2p1p/Bp6/8/8/1P6/P2P2rb/3K4 b - - 0 27,27,300+0
1761,1743,18,1752.0,0.0,6r1/pp5k/2pp3p/5P2/3b1N2/2P5/PP4PP/5R1K b - - 1 24,24,600+0
1662,1647,15,1654.5,1.0,r4rk1/ppp2ppp/2n2n2/q1b1p3/6b1/2NBQN1P/PPPP1PP1/R1B1R1K1 w - - 1 11,11,600+0
1564,1504,60,1534.0,1.0,r5r1/Nppkb1pp/3p1p2/3Pp3/4P3/4Bb1P/PPP2P2/R3K2R w KQ - 0 15,15,600+0
1348,1337,11,1342.5,1.0,5rk1/4ppbp/3p2p1/1P1q4/P7/Q7/5PPP/4N1K1 b - - 0 31,31,600+0
1309,1305,4,1307.0,0.0,r1b2rk1/pp3ppp/8/2q1b3/3pn3/P6P/2PBBPP1/1R1Q1R1K b - - 1 20,20,600+0
1714,1696,18,1705.0,0.0,r1bq1k1r/1p2bpN1/p4n2/2p1Q3/2B2Pp1/8/PPPN2P1/R1B2RK1 w - - 1 16,16,600+0
936,884,52,910.0,0.0,rnbqkb1r/ppp1pp1p/3p1np1/8/2B1P3/5N2/PPPPQPPP/RNB1K2R b KQkq - 3 4,4,600+0
1480,1472,8,1476.0,1.0,r2q1rk1/1b3ppp/1pnppb2/p1p5/2B1P3/P2P1N2/1PP1NPPP/R2QR1K1 w - - 2 12,12,600+0
1990,1851,139,1920.5,1.0,r3k1nr/p3bppp/bq2p3/1p1pP3/P2N1P2/2P5/6PP/RNBQK2R w KQkq - 0 13,13,600+0
1636,1636,0,1636.0,1.0,r1bnr1k1/1p1p1pp1/pb3q1p/3P4/B7/B4N2/P4PPP/2RQ1RK1 b - - 1 19,19,600+0
1214,1173,41,1193.5,0.0,r4rk1/pp3pp1/2n4p/4p1q1/2B4P/2PPP1Q1/P1P3P1/2Kb3R w - - 0 18,18,600+0
1482,1471,11,1476.5,0.0,R7/8/P7/8/7P/1P6/1k3PKP/8 b - - 0 42,42,600+0
2068,2064,4,2066.0,0.0,7B/8/b5pp/n1bk1p2/4pPP1/1p2P2P/1N3K2/1B6 b - - 1 42,42,600+0
1318,1258,60,1288.0,1.0,rnbqkb1r/2p2ppp/p2p1n2/1p1Pp3/4P3/P1N2N2/1PP2PPP/R1BQKB1R b KQkq - 2 6,6,600+0
717,609,108,663.0,1.0,2rr2k1/1p4pp/p1n2pn1/3q1p2/3P4/P2QPNB1/P4PPP/R1R3K1 w - - 5 17,17,600+0
1859,1855,4,1857.0,1.0,r2q1rk1/pp1nbppp/3ppn2/2p3B1/2B1P1b1/2PP1N2/PP1N1PPP/R2Q1RK1 w - - 1 9,9,600+0
1434,1431,3,1432.5,0.0,2k4r/ppp2ppp/3rb1n1/3p4/3P2P1/3P1P2/PP1NN1P1/1KR4R b - - 2 17,17,600+0
1959,1928,31,1943.5,0.0,r1bq1rk1/1ppn1pbp/p3pnp1/3pN3/3P1B1P/2NBP3/PPP2PP1/R2QK2R w KQ - 1 9,9,600+0
1195,1168,27,1181.5,0.0,r2q1rk1/ppp2ppp/1nn5/2p1p3/1P2P3/P2P3P/5P1P/R1BQKB1R w KQ - 0 12,12,600+0
1394,1392,2,1393.0,0.0,3b1k2/5pp1/7p/3Bp3/3n4/8/6PP/7K w - - 4 39,39,600+0
1642,1550,92,1596.0,0.0,3r4/pk1q4/Pp1p2pp/5b2/1NP1r3/5N2/3Q1PPP/R5K1 b - - 0 21,21,600+0
793,791,2,792.0,1.0,r1bqkbnr/pp1n1pp1/3pp2p/3p4/2B1P3/2N2N2/PPP2PPP/R1BQK2R w KQkq - 0 7,7,600+0
741,721,20,731.0,1.0,rnq1kbnr/p5p1/1p3p2/2p4p/3p2N1/BP4P1/P1PPPP1P/RN1QK2R w KQkq - 0 9,9,600+0
1887,1779,108,1833.0,1.0,rnb1k2r/1pq2p1p/p1p1p1p1/4p1Pn/1P3P1P/P4B1R/2PPN3/RN1QK3 w Qkq - 0 15,15,1200+0
1202,1191,11,1196.5,0.0,r5nr/pppbqkp1/3p4/n2Np1Pp/4P2P/3PQP1N/PPP5/2KR3R b - - 4 15,15,300+3
1054,919,135,986.5,1.0,5b2/p4Q2/3N3k/5p2/5P1p/BP1P4/P1P3P1/4R1K1 w - - 3 38,38,300+0
1840,1840,0,1840.0,1.0,rn1qk1nr/pp3pp1/2p1p2p/8/1b1P4/P1N2B2/1PP2PPP/R1BQR1K1 b kq - 0 10,10,300+0
1895,1802,93,1848.5,1.0,rn1qkb1r/ppp1pppp/5n2/3P4/3P2b1/8/PPP2PPP/RNBQKBNR w KQkq - 1 4,4,1800+0
1695,1667,28,1681.0,1.0,r1bq2r1/pp2bpkp/5n2/3pn3/3N4/PPP3P1/4PPBP/R2Q1RK1 b - - 0 16,16,1800+0
1690,1452,238,1571.0,0.5,r2qk2r/ppp2ppp/2nbp3/8/3Pn3/2PB1Q2/PP3PPP/R1B2RK1 w kq - 0 11,11,600+0
1072,880,192,976.0,1.0,rnbq1knQ/p3bp1p/2pp2p1/1p6/4P3/1B6/PPPP1PPP/RNB1K1NR w KQ - 1 8,8,600+0
1275,856,419,1065.5,1.0,rnbNkbnr/4p3/1p1p2p1/p1p4p/2B1P3/5Q2/PPPP1PPP/RNB1K2R b KQkq - 1 8,8,600+0
1902,1817,85,1859.5,0.0,2k3rr/pppb1p2/4p3/4P2N/2Pn1PPb/2qPB2P/P1P1K3/R1R5 w - - 6 25,25,300+0
1664,1622,42,1643.0,0.0,rn2k2r/pp2nppp/2p1p3/3qPb2/8/P4N2/2PP1PPP/R1BQKB1R w KQkq - 0 9,9,300+0
1750,1694,56,1722.0,0.0,2rq1rk1/1pp1npb1/p1n1p3/6p1/2QPN2p/4PB1P/PP3PPB/3R1RK1 b - - 2 16,16,300+0
1219,1213,6,1216.0,0.0,r1bq3N/ppp1k1p1/2np3p/2b1p2Q/2B1n3/2N4P/PPP2PP1/R1B2RK1 w - - 1 13,13,300+0
1476,1383,93,1429.5,0.0,r2qkb1r/pp3pp1/4p3/3PP1Pp/3p3P/8/PP1N1P2/R1B1K2Q w Qkq - 0 18,18,300+0
1416,1365,51,1390.5,0.0,3r4/ppk2bBp/2pn1Q2/6q1/B2P4/P6P/1PP3P1/1K1R4 b - - 2 25,25,300+0
1663,1634,29,1648.5,0.0,2r1k2r/1p1nbppp/1q2pn2/p2p4/3N4/1PP2N1P/PB3PP1/R2QR1K1 b k - 1 15,15,300+0
1262,1248,14,1255.0,1.0,R7/8/8/7K/1bBp1k2/p4P2/7P/8 b - - 0 40,40,300+0
1895,1874,21,1884.5,0.0,rnbqk1nr/pp3pp1/2p1p2p/3p4/3P4/2P1P1P1/PP3PP1/RN1QKBNR w KQkq - 0 7,7,300+0
1034,965,69,999.5,0.0,rnbqkb1r/pppp1ppp/5n2/4p3/4P3/5N2/PPPP1PPP/RNBQKB1R w KQkq - 2 3,3,300+0
2108,2010,98,2059.0,0.5,r1bq1rk1/pp1nbpp1/7p/3R4/2B5/4BN2/PPQ2PPP/5RK1 b - - 0 16,16,300+0
916,887,29,901.5,0.0,rnbqkbnr/pp2pppp/B1p5/3p4/3PP3/8/PPP2PPP/RNBQK1NR b KQkq - 0 3,3,300+0
1571,1562,9,1566.5,0.0,2kr2nr/Np2p1bp/1n2Ppp1/3q4/8/3BBQ2/PP4PP/R4RK1 b - - 0 17,17,300+0
1524,1503,21,1513.5,1.0,2kr1b1r/ppp2ppp/8/8/3pP2q/3P2P1/PPPBQ2P/R3KR2 b Q - 0 14,14,300+0
1561,1553,8,1557.0,0.0,r1bqk1nr/pppp1ppp/6n1/2bPp3/4P3/1P3N2/PBP2PPP/RN1QKB1R b KQkq - 2 6,6,300+0
1976,1947,29,1961.5,1.0,rn1qr1k1/pp3ppp/2pb1n2/3p4/6b1/2NP1NPP/PP2PPB1/R1BQR1K1 b - - 0 10,10,300+0
1538,1531,7,1534.5,0.0,8/1N6/2P5/8/8/5k1p/8/2K2N2 b - - 0 45,45,300+0
1349,1336,13,1342.5,1.0,r2r2k1/pB3p1p/6pb/4P3/2n5/8/PP2bPPP/R3NRK1 b - - 0 20,20,300+0
1210,1167,43,1188.5,1.0,r2qkbnr/pbp2ppp/1pn5/4P3/2B5/2N1PN2/PP3PPP/R1BQK2R b KQkq - 0 7,7,300+0
1431,1427,4,1429.0,0.0,8/1P6/2k5/8/6KP/8/5P2/2n5 w - - 1 59,59,300+0
1378,1377,1,1377.5,0.0,2r2rk1/1b2bp1p/pq2p1p1/1p2P3/8/3BN1P1/PP3QPP/3RR2K b - - 7 21,21,300+3
1614,1577,37,1595.5,0.0,r4rk1/ppp2ppp/2p2n2/4q3/4P3/3PP2b/P1PNB1P1/R2Q1RK1 w - - 0 12,12,300+3
2228,2101,127,2164.5,1.0,3k4/R7/8/3PP3/P3K3/1n3P2/8/8 w - - 5 53,53,300+3
1199,1122,77,1160.5,0.0,r1bqkbnr/p1pp2pp/2p5/4pp2/4P3/5N2/PPPP1PPP/RNBQK2R w KQkq - 0 5,5,300+3
1576,1553,23,1564.5,0.0,2kr3r/pp1n4/2p2pp1/4p3/3P4/2P1KN2/PP4PP/4R2R w - - 0 20,20,300+3
1764,1726,38,1745.0,0.0,rnbq1rk1/ppp2pp1/4pn1p/3p4/3P1b2/2NBPQ1N/PPP2PPP/R3K2R w KQ - 0 8,8,300+3
959,927,32,943.0,1.0,2Q5/3N4/4K3/3R4/6p1/8/2Pk3P/8 b - - 4 60,60,600+0
1744,1722,22,1733.0,0.0,r4rk1/p3qppp/b1p1p3/2PpPn2/P2P4/2B5/2Q1NPPP/R3K2R b KQ - 6 19,19,600+0
1367,1330,37,1348.5,1.0,r1bqkb1r/ppp2ppp/2np1n2/1B2p3/4PP2/2N2N2/PPPP2PP/R1BQK2R b KQkq - 1 5,5,600+0
1629,1530,99,1579.5,0.0,rnbqkbnr/pp1ppppp/2p5/8/3P4/8/PPP1PPPP/RNBQKBNR w KQkq - 0 2,2,600+0
1109,985,124,1047.0,0.0,r1bqkb1r/pppp1ppp/2n2n2/4p3/6P1/P6P/1PPPPP2/RNBQKBNR w KQkq - 1 4,4,600+0
1717,1500,217,1608.5,1.0,rnbqkbnr/pppp1ppp/8/4p3/4P3/8/PPPP1PPP/RNBQKBNR w KQkq - 0 2,2,600+0
1492,1484,8,1488.0,1.0,8/pkp2QP1/5P2/4b3/2p2r2/7P/PPP5/R4K2 w - - 0 32,32,600+0
1683,1676,7,1679.5,1.0,rnbqkbnr/pp3ppp/4p3/2ppP3/8/5N2/PPPP1PPP/RNBQKB1R w KQkq - 0 4,4,600+0
2005,1874,131,1939.5,0.0,2r1r1k1/pp1n1ppp/2p2b2/q2p3b/3P4/2N1PN1P/2Q1BPP1/1R3RK1 w - - 0 19,19,600+0
1290,1269,21,1279.5,0.0,1n2k2r/2r3p1/p6p/qp3b2/1b1P1P2/1QN1R1P1/PP5P/2K3NR b k - 5 18,18,600+0
2577,2528,49,2552.5,0.0,r3b3/pkp2pp1/1pp5/4PPr1/8/2NR4/PPP2P1K/3R4 w - - 0 22,22,600+0
904,874,30,889.0,1.0,rnbqkbnr/ppp1pppp/8/3p4/4P3/8/PPPP1PPP/RNBQKBNR w KQkq - 0 2,2,600+0
1327,1314,13,1320.5,0.5,6k1/6p1/8/p1Bp3p/5P2/1PbN4/P5r1/1K6 w - - 0 36,36,600+0
1357,1340,17,1348.5,1.0,8/8/8/8/p7/k4K2/8/1qq5 b - - 1 66,66,600+0
1817,1814,3,1815.5,1.0,r2q1rk1/2p2Bp1/p1n4p/1p2P3/4P3/2P1QR2/PP4nP/RN4K1 b - - 0 16,16,600+0
1707,1687,20,1697.0,0.0,r1bqk2r/pppp1ppp/2n2n2/2b1P3/2B5/2p2N2/PP3PPP/RNBQ1RK1 b kq - 0 7,7,600+0
1159,1055,104,1107.0,0.0,3rr1k1/6R1/p4p1B/1p2p3/1P2P3/q6P/3Q1PP1/5RK1 b - - 2 27,27,600+0
2219,2140,79,2179.5,1.0,rnbq1rk1/pp2ppbp/2pp1np1/8/2BPP3/2N2N2/PPP2PPP/R1BQ1RK1 w - - 0 7,7,300+3
1409,1365,44,1387.0,0.0,r1bqkb1r/ppp2pp1/2np1n1p/4p3/2B1PP2/5N2/PPPP2PP/RNBQ1RK1 w kq - 2 6,6,300+3
1590,1528,62,1559.0,0.0,8/2p5/4B2p/K2Pk1p1/1P4P1/r7/8/6b1 w - - 0 51,51,300+3
1222,1205,17,1213.5,1.0,r2qkbnr/ppp2ppp/2b5/3pN3/8/2N1P3/PPPP1PPP/R1BQK2R b KQkq - 0 6,6,300+3
1738,1665,73,1701.5,1.0,rnb1kb1r/pp2pppp/2pp4/8/7q/3B4/P1PN1PPP/R2Q1RK1 b kq - 1 10,10,300+3
1040,1034,6,1037.0,0.0,2N5/6k1/5p2/5Q2/6P1/8/1P3PPB/5K2 b - - 0 42,42,300+3
1886,1870,16,1878.0,1.0,rnbq1rk1/ppp1ppbp/3p1np1/8/3P4/1P2PN2/PBP2PPP/RN1QKB1R w KQ - 0 6,6,300+3
1659,1631,28,1645.0,0.0,r2qkb1r/pp1n1ppp/2n1p3/2ppP3/3P1PP1/2PQBN2/PP5P/RN2K2R b KQkq - 4 10,10,300+3
1198,1193,5,1195.5,0.0,8/pp3R2/2b3p1/2r3kp/8/7P/PP6/4R1K1 w - - 0 38,38,300+3
1021,983,38,1002.0,0.0,r1bqkb1r/pp3ppp/2np1n2/2p1p3/2B1P3/2NP1N2/PPP2PPP/R1BQ1RK1 b kq - 0 6,6,300+0
1686,1680,6,1683.0,0.0,rn1qkb1r/ppp2pp1/4bn1p/3p4/3P4/3B1N2/PPP2PPP/RNBQ1RK1 w kq - 0 7,7,300+0
1539,1526,13,1532.5,0.0,3Q1b2/4npk1/2qpp1pp/8/3P4/4PNP1/3N1PPK/8 w - - 5 33,33,300+0
2270,2248,22,2259.0,0.0,r1bq1rk1/1pp3pp/p2p1n2/2b1NP2/3n1P2/2NB2Q1/PPPB2PP/R3K2R w KQ - 0 12,12,300+0
1982,1871,111,1926.5,0.5,8/6p1/2p1k2n/1p1pNp1P/1P1Pb3/r3B1K1/8/5B2 w - - 2 50,50,300+0
1627,1544,83,1585.5,1.0,r2qkb1r/ppp1pppp/2n2n2/3p4/3P4/2P1PQ1P/PP3PP1/RNB1KB1R b KQkq - 0 6,6,300+0
1151,1139,12,1145.0,1.0,2k5/2p5/p7/7p/8/1r3P2/1p4KP/1R6 b - - 0 39,39,300+0
1464,1457,7,1460.5,1.0,4rk2/2p2p2/5P1q/pp2P3/3R4/6Rb/5P2/6K1 w - - 0 31,31,300+0
1357,1327,30,1342.0,0.0,2k4r/ppp4p/1b4p1/1P1p2Q1/8/P2PnN2/R5PP/1N3K2 w - - 2 24,24,300+0
1848,1796,52,1822.0,0.0,nr3rk1/1pnN2bp/p1p1p1p1/B3Pp2/2PP1P1P/PP6/4K1B1/5RR1 b - - 5 31,31,300+0
1317,1267,50,1292.0,0.0,6r1/1N5p/4p3/8/7p/1R3P2/PBk1KP1P/6r1 w - - 4 40,40,300+0
2100,2050,50,2075.0,0.0,1r3r2/5pk1/p2p4/3Bp1q1/2P3b1/1P6/P3PPQ1/R4RK1 w - - 4 26,26,300+0
1760,1759,1,1759.5,1.0,2rq1rk1/pp1b1pp1/2n2b1p/1B2p3/8/2NP1Q2/PPP2PPP/R1B2RK1 w - - 0 14,14,300+0
1081,1022,59,1051.5,1.0,r1bq1rk1/ppp2pp1/3p1n1p/n3p3/4P3/1BNPPN1P/PPP1Q1P1/R3K2R b KQ - 4 10,10,300+0
930,906,24,918.0,0.0,r5k1/pp1n2p1/7p/3bP3/1B1Pp3/P3q3/1P4PP/R4QK1 w - - 5 21,21,300+0
2137,2037,100,2087.0,1.0,r1bq1rk1/ppp2pBp/6p1/3P4/2PnP3/3B3P/PP4P1/RN1Q1RK1 b - - 0 14,14,300+0
1248,1224,24,1236.0,1.0,rn2kbnr/pp3ppp/2p1p3/3pPbq1/8/2P5/PPNP1PPP/R1BQKBNR w KQkq - 2 6,6,300+0
1251,1240,11,1245.5,0.0,r1bqkbnr/pppp1ppp/2n5/8/3P1B2/8/PP2PPPP/RN1QKBNR b KQkq - 2 4,4,600+0
1875,1831,44,1853.0,1.0,r3k1nr/p4ppp/1qp1p3/3p4/1b1P2b1/1PN1BN2/P1P2PPP/R2QK2R b KQkq - 2 10,10,300+0
1381,1363,18,1372.0,0.0,8/7P/6K1/8/8/7r/5kp1/8 w - - 0 70,70,900+0
1052,938,114,995.0,1.0,rnb1kbnr/ppp1pppp/8/3q4/8/2N5/PPPP1PPP/R1BQKBNR b KQkq - 1 3,3,600+0
1804,1783,21,1793.5,0.0,2kr2r1/bpp2pp1/p1npqn1p/4pN2/4P2N/P1PP3P/1P1B1PP1/R2QK2R b K - 4 18,18,600+0
2213,2097,116,2155.0,1.0,r1bq1rk1/pp3pbp/2n3p1/3p4/2pP1B2/P5P1/1P1QNPBP/R4RK1 b - - 1 13,13,600+0
1988,1882,106,1935.0,0.0,1k5r/bpq3pr/p1n1p3/3p1pp1/4nP1P/1P1RPQP1/PBP1N1B1/1K5R w - - 0 22,22,600+0
1676,1646,30,1661.0,0.0,5rk1/3Q2pp/p1p5/8/2q5/P1P1p2P/1P3P2/3R1R1K w - - 0 28,28,600+0
1271,1254,17,1262.5,1.0,rnb2rk1/ppp2p1p/3p1qp1/2b1p3/2B1P1n1/2NP1NQ1/PPP2PPP/R1B1K2R w KQ - 1 9,9,600+0
1666,1657,9,1661.5,0.0,r1bq1rk1/p1pnppbp/1p1p1np1/6B1/3PP3/2PB1N2/PP3PPP/RN1Q1RK1 w - - 0 8,8,300+0
1646,1639,7,1642.5,0.0,r4Nk1/1p1n2p1/p1p1bq1p/5p2/3PpPB1/4P2P/PP4P1/R2Q1RK1 b - - 0 18,18,300+0
1536,1521,15,1528.5,0.0,3r4/2r2pk1/7p/p5p1/B3N3/1P3KP1/5P2/8 b - - 10 42,42,300+0
1560,1546,14,1553.0,0.0,4bn2/6k1/4p1pp/pp1pP3/2pP2PP/P1P2N2/1PB2K2/8 b - - 0 34,34,300+0
1633,1620,13,1626.5,1.0,3R4/kqr4p/6p1/4Qp2/P7/7P/5PP1/6K1 w - - 7 43,43,300+0
1581,1575,6,1578.0,1.0,r2qkbnr/pp3ppp/2n1p3/2ppP3/3P4/2PQ1N2/PP3PPP/RNB1K2R w KQkq - 1 8,8,300+0
1513,1512,1,1512.5,0.0,3rkb1r/ppq1nppp/2n1p3/4P2b/1P2QB2/2P2N2/P2NBPPP/R4RK1 b k - 3 14,14,300+0
1539,1536,3,1537.5,1.0,3r2k1/pp4pp/3p1p2/2rPp3/2P5/1P6/P4PPP/2R2R1K b - - 0 21,21,300+0
1463,1463,0,1463.0,0.0,rn1qkbnr/ppp1pppp/8/4P2b/3p4/5N1P/PPPP1PP1/RNBQKB1R w KQkq - 1 5,5,300+0
1462,1457,5,1459.5,0.0,rnbqkbnr/ppp2ppp/4p3/3p4/3PP3/8/PPPN1PPP/R1BQKBNR b KQkq - 1 3,3,300+0
1446,1446,0,1446.0,0.5,r7/Pk6/1B6/8/5R2/1P6/2P5/1K6 w - - 1 47,47,300+0
1437,1406,31,1421.5,1.0,r1bqr1k1/ppp2ppp/2n2n2/2b1p3/8/3PPNP1/PPPNQ1BP/R1B2RK1 w - - 5 10,10,300+0
1357,1289,68,1323.0,1.0,4r3/p4k2/1p2b1p1/4P2p/2Q2P2/2B5/PP6/K6R w - - 6 38,38,300+0
1162,1125,37,1143.5,0.0,rnb1kb1r/pp2qppp/2p2n2/2Pp4/3Q4/2N3P1/PP2PPBP/R1B1K1NR b KQkq - 2 7,7,300+0
1241,1176,65,1208.5,1.0,r5k1/pp3rpp/2Pb1p2/8/8/6P1/PPP2PBP/1K1R3R w - - 0 21,21,300+0
1589,1518,71,1553.5,0.0,r1bqk1nr/pp2bppp/3pp3/4P3/2BQ4/8/PPP2PPP/RNB2RK1 b kq - 0 8,8,540+10
2032,2029,3,2030.5,0.0,8/2p3k1/ppNp4/3P1p2/2P1n3/PK6/1P6/8 w - - 0 42,42,600+5
1456,1425,31,1440.5,0.5,r1q2rk1/pp4p1/3ppb1p/n1p1p3/P3P3/2PP1N1P/1PQ2PP1/R1B2RK1 b - - 2 14,14,600+5
1247,1235,12,1241.0,0.0,r4rk1/4nppp/1p6/p2p4/4p2q/P3P2P/1P1NQPP1/R1B2RK1 w - - 0 17,17,600+5
1615,1490,125,1552.5,0.0,rnbqkb1r/pppp1ppp/5n2/4p3/2B1P3/8/PPPP1PPP/RNBQK1NR w KQkq - 2 3,3,600+5
1010,932,78,971.0,1.0,5rk1/r2q1ppp/2npbn2/pNp1p3/4P3/PP1P1PN1/1b1QB1PP/R4R1K w - - 0 20,20,600+5
1142,1017,125,1079.5,1.0,r4rk1/1b3ppp/p7/1pbNp3/4P1n1/1B6/PPP2PPP/R2R2K1 b - - 2 18,18,600+5
1546,1534,12,1540.0,1.0,r4br1/1b1k1p1p/3ppp2/p7/Pn2P3/1BN2N2/1P3PPP/R4RK1 b - - 1 17,17,600+3
1611,1561,50,1586.0,1.0,r1bqkbnr/pp3p1p/2n1p1p1/1Bp5/3pPP2/3P1N2/PPP1N1PP/R1BQK2R b KQkq - 1 7,7,900+10
1134,1100,34,1117.0,1.0,r3r1k1/p1p2ppp/2p4n/4P3/1B3p2/5P2/PPP4P/2KR3R w - - 2 17,17,900+10
1335,1280,55,1307.5,0.0,rnbqk2r/pppp1ppp/8/2b1p3/2BPP1n1/5N2/PPP2PPP/RNBQK2R b KQkq - 0 5,5,900+10
1523,1460,63,1491.5,0.0,rnbqk2r/pp3ppp/2pbpn2/3p4/5P2/2NP1N2/PPPBP1PP/R2QKB1R w KQkq - 2 6,6,900+10
1797,1791,6,1794.0,1.0,rnbqk2r/ppp1ppbp/3p1np1/8/3PP3/2N2N1P/PPP2PP1/R1BQKB1R b KQkq - 0 5,5,600+0
1326,1301,25,1313.5,1.0,r1bqkbnr/pp1p1ppp/2B5/2p1p3/4P3/2N5/PPPP1PPP/R1BQK1NR b KQkq - 0 4,4,600+0
1893,1847,46,1870.0,1.0,4k1r1/1b1n1p2/P2Q1p2/4p3/8/3PP1p1/1PP4P/5RK1 w - - 0 25,25,600+0
1541,1517,24,1529.0,0.0,rn1q1rk1/5ppp/p4bb1/1p1pQ3/2p5/PPNP1P2/B1P3PP/R3K1NR w KQ - 0 15,15,600+0
1948,1939,9,1943.5,1.0,8/4KPk1/7p/7P/8/8/8/8 b - - 2 72,72,600+0
1299,1184,115,1241.5,0.0,rnbqkb1r/ppp3pp/8/3np3/2B2p2/6N1/PPPP1PPP/RNBQK2R w KQkq - 0 8,8,600+0
1657,1592,65,1624.5,1.0,rn1qkbnr/ppp1pppp/8/3p1b2/3P4/4PN2/PPP2PPP/RNBQKB1R b KQkq - 2 3,3,600+0
843,817,26,830.0,0.0,r1b1k1nr/pp2qppp/2p5/4n1P1/8/8/PPP1PP1P/R1BQKBNR w KQkq - 0 8,8,600+0
1042,1029,13,1035.5,0.5,r4rk1/1p2bppp/p3p3/q3P3/P2Q4/5N2/5PPP/2R2RK1 b - - 0 19,19,600+0
1027,1014,13,1020.5,0.0,r1bqk2r/ppp2ppp/3p4/2bPp3/2BN4/8/PPPP1PPP/R1BQ1RK1 b kq - 0 8,8,600+0
1152,1123,29,1137.5,1.0,r3k2r/pp5p/4pqp1/1bbQ4/8/P4N1P/1PP2PP1/R1B1R1K1 w kq - 0 25,25,1020+6
1612,1597,15,1604.5,1.0,r2qkbnr/pppb1ppp/n7/1P6/Q2p4/7P/P2PPPP1/RNB1KBNR w KQkq - 0 7,7,300+0
1253,1171,82,1212.0,0.0,r2q1rk1/ppp2ppp/2nb1n2/3pP3/8/3PPN1P/PP1N1PP1/R1BQ1R1K b - - 0 10,10,300+0
1253,1215,38,1234.0,1.0,rnbqkbnr/ppp2ppp/3p4/4p3/4P3/5N2/PPPP1PPP/RNBQKB1R w KQkq - 0 3,3,300+0
1394,1382,12,1388.0,1.0,r1bqkb1r/ppp1pppp/2n2n2/3p4/3P1B2/5N2/PPP1PPPP/RN1QKB1R w KQkq - 3 4,4,300+0
1536,1464,72,1500.0,1.0,r1bqkbnr/pp1ppp1p/2n3p1/2pP4/4P3/5N2/PPP2PPP/RNBQKB1R b KQkq - 0 4,4,300+0
1791,1725,66,1758.0,0.0,8/pb6/5k1p/7P/P2p1K2/1P1Bp3/4Rr2/8 w - - 1 48,48,300+0
1110,1093,17,1101.5,0.5,1r3rk1/pbp2ppp/8/2p1p3/2P1P3/3B1P2/P1P3PP/1R3RK1 w - - 2 18,18,300+0
1465,1392,73,1428.5,0.0,r1b1qr1k/pp4pp/2pb4/3pB3/3Pp3/1Q4P1/PP2PPBP/R3R1K1 b - - 0 15,15,300+0
2120,2079,41,2099.5,0.0,5rk1/5pbp/p3p3/1p2P2B/2n1NP2/4B2P/P4P2/3R2K1 b - - 3 24,24,300+0
1498,1466,32,1482.0,1.0,r1bqk1nr/p4pbp/2p3p1/3p4/2B5/2P5/PP2QPPP/RNB2RK1 b kq - 1 10,10,300+0
1811,1806,5,1808.5,1.0,3rr1k1/pp2qppp/8/3pP3/6P1/5Q2/PP3PP1/3RR1K1 b - - 2 19,19,300+0
1347,1340,7,1343.5,0.0,2r3k1/3R1p1p/4p1p1/4Pn2/1p3B2/pP4PP/P4P2/5K2 b - - 1 36,36,300+0
1376,1368,8,1372.0,0.0,r7/3k4/1Q6/1R6/2P1P3/3P2pP/B5P1/7K w - - 5 50,50,300+0
1719,1711,8,1715.0,1.0,r2qk2r/pp1n1pp1/2p1pn1p/2Pp4/3P4/2NQP1P1/PP3PP1/R3K1NR w KQkq - 0 11,11,300+0
1750,1739,11,1744.5,1.0,r1r3k1/1p3ppp/2bbpn2/p2p4/3P4/P1NBPN1P/1P3PP1/R1R3K1 b - - 2 17,17,300+0
956,869,87,912.5,1.0,8/8/8/8/4P1k1/8/8/5RK1 w - - 0 53,53,300+0
1268,1218,50,1243.0,1.0,rnbqkbnr/pppp1ppp/8/4p3/3P4/8/PPP1PPPP/RNBQKBNR w KQkq - 0 2,2,300+0
1549,1504,45,1526.5,1.0,1r1k2r1/1p1q4/2p2p2/p4n1p/P2P1N2/B1PQ2PP/7K/4RR2 w - - 2 27,27,300+0
1247,1224,23,1235.5,0.0,4r2k/pp1q4/n1p2Q1p/8/3P4/6P1/PPP2PP1/5RK1 b - - 0 25,25,300+0
1068,1044,24,1056.0,1.0,r1b1kb1r/ppp2ppp/2n1p3/3q4/3P4/4P3/PP3PPP/RNBQK1NR w KQkq - 0 7,7,300+0
1942,1896,46,1919.0,1.0,2r2k2/5ppp/p7/1b6/2PR4/5K1P/2P2PP1/8 b - - 0 34,34,300+0
1885,1867,18,1876.0,1.0,5rk1/1R3ppp/8/1P2q3/2B3Q1/1P3P2/5PKP/8 b - - 0 26,26,300+0
1579,1559,20,1569.0,1.0,3q1r2/1b3pkp/pp4pQ/3pP3/3R2N1/8/PPr2PPP/5RK1 b - - 1 24,24,300+0
1689,1608,81,1648.5,0.0,r1bqk2r/ppp1bppp/3p4/3P1n2/4Q3/6P1/PPP2PBP/R1B1K1NR w KQkq - 3 10,10,300+0
1443,1321,122,1382.0,0.0,r1bqk1nr/pppnppbp/3P2p1/8/3P4/5N2/PPP2PPP/RNBQKB1R b KQkq - 0 5,5,300+0
1609,1512,97,1560.5,1.0,r1bqk2r/pp2bppp/3p1n2/2p1p3/2BnP3/P1NPBN1P/1PP2PP1/R2QK2R b KQkq - 1 8,8,900+0
1713,1697,16,1705.0,1.0,rn2k2r/ppq1bppp/2p2n2/4p1B1/2B1P3/P1N2Q2/1PP2PPP/3R1RK1 b kq - 0 11,11,300+0
1471,1468,3,1469.5,1.0,1r2k2r/2pb1pb1/3p1qpp/1p2p3/p3P1Q1/P1PP4/1P1N1PPP/RN3RK1 w k - 2 17,17,300+0
1900,1886,14,1893.0,1.0,r2qk2r/pp1bppbp/2np1np1/1B6/3P4/P1N1BN2/1PP2PPP/R2Q1RK1 b kq - 3 10,10,300+0
1871,1870,1,1870.5,0.0,2k4r/1bq1p2p/p1npP3/2pB3p/P7/5N1R/1P6/R2QK3 w Q - 0 23,23,300+0
917,780,137,848.5,1.0,r1b1k2r/pppp1ppp/8/4n3/1qPpN1PP/1P1P1P2/P3P3/R1Q1KB1R w KQkq - 3 16,16,300+0
2110,2067,43,2088.5,1.0,r4k2/pp6/1n2PbR1/2p2B2/2pq4/7P/PPQ3P1/5RK1 w - - 1 31,31,300+0
1500,1498,2,1499.0,1.0,r5k1/Pr3pbp/1n2p1p1/2BpP3/2p2P2/7P/R5P1/R5K1 b - - 4 31,31,300+0
1319,1257,62,1288.0,0.0,1r3rk1/4qppp/2p1b3/8/p1p1P3/P1P2P1N/1P2Q1PP/2KR3R b - - 2 17,17,300+0
1865,1849,16,1857.0,0.0,2kr3r/1p4p1/p1p3p1/P1P1pp2/1Pn5/2P3PP/4KPB1/2RR4 w - - 0 25,25,300+0
1593,1557,36,1575.0,1.0,r1bqk2r/pppp1ppp/2n2n2/8/1bB1P3/2N2N2/PP3PPP/R1BQK2R w KQkq - 5 7,7,300+0
1520,1502,18,1511.0,0.0,2kr1b1r/1pp5/p3q1bp/6p1/R3pp2/1PN1B3/1PP1QPPP/3R2K1 w - - 0 23,23,300+0
1607,1606,1,1606.5,0.0,2kr3r/pp1nbppp/2p1pn2/q3B3/3P4/2NB2QP/PPP2PP1/R3K2R w KQ - 3 12,12,300+0
665,618,47,641.5,1.0,r1bqkbnr/pppppppp/2n5/8/3P4/P3PN2/1PP2PPP/RNBQKB1R b KQkq - 0 4,4,300+0
1675,1662,13,1668.5,0.0,r2qk2r/ppp2pp1/3p1b1p/3Np3/2BnP3/3P1P1P/PPP2P2/R2Q1RK1 b kq - 0 11,11,300+0
1068,949,119,1008.5,1.0,r5kr/ppp2Qp1/1bb5/4B2p/3Pn2N/2P5/PP4PN/R4R1K b - - 7 24,24,300+0
1126,1079,47,1102.5,0.0,rnbqkbnr/ppp1pppp/8/3p4/3P4/5N2/PPP1PPPP/RNBQKB1R b KQkq - 1 2,2,600+0
976,891,85,933.5,1.0,r1bqk2r/ppp3pp/3p1pn1/4p3/2BbP3/1PN3P1/PBPPQP1P/R4RK1 b kq - 0 10,10,600+0
1455,1440,15,1447.5,1.0,r4rk1/pppnq1bp/3p2p1/3P4/1Qn1NP2/6P1/PP4K1/R3R3 b - - 1 20,20,600+0
1663,1599,64,1631.0,0.5,r3kb1r/pb3p2/5q1p/1p2p1p1/2Pp2Q1/NP1P3P/1P3PP1/R1B2RK1 b kq - 1 18,18,600+0
1431,1427,4,1429.0,1.0,6k1/1p4p1/2p5/p2pNP2/P2PnRK1/4P3/6r1/8 w - - 2 42,42,600+0
2302,2271,31,2286.5,1.0,rnbqk2r/pp3ppp/5n2/3p4/2pP4/2P2N2/P1P1BPPP/R1BQ1RK1 b kq - 0 9,9,600+0
1810,1792,18,1801.0,0.0,5b2/p4pkp/6p1/8/4N3/6P1/4rP1P/2R3K1 w - - 1 30,30,600+0
1827,1724,103,1775.5,1.0,r5k1/5pp1/p6p/1pp2b2/8/P1Pp1N1P/1P3PP1/3Rr1K1 w - - 0 24,24,600+0
1450,1450,0,1450.0,1.0,r1b1kb1r/pp1p2pp/4pp2/8/2N5/1B1n4/PPP2K1P/R6R w kq - 0 17,17,300+3
1448,1417,31,1432.5,0.0,r2qkr2/pbpnppbp/1p1p4/6NQ/3P1B1P/2P1P3/PP3PP1/RN2K2R w KQq - 4 11,11,300+3
1466,1401,65,1433.5,1.0,r1bqkbnr/pp1n1ppp/2p1p3/3p4/3P1B2/2P1P3/PP3PPP/RN1QKBNR w KQkq - 0 5,5,300+3
992,987,5,989.5,1.0,rnb1kbnr/5ppp/8/pppqp3/8/2PP4/PP2BPPP/R1BQKNNR w KQkq - 0 8,8,300+3
1025,993,32,1009.0,1.0,r2qkb1r/pppb3p/2n5/1BPP2p1/Q3n3/5N2/PP3PPP/R4RK1 w kq - 0 16,16,300+0
1561,1179,382,1370.0,1.0,5R2/8/P7/6k1/8/8/1PP5/2K5 b - - 0 44,44,600+0
1376,1292,84,1334.0,1.0,r3r1k1/2q1np1p/4p1pQ/2ppP1N1/1p4P1/1P1b3P/P1N2PB1/R3R1K1 w - - 2 24,24,300+0
1536,1528,8,1532.0,0.0,1r3r1k/6bp/p5p1/1ppB1n2/2Pq4/P2P4/1P3PPP/1RBQ1RK1 w - - 0 23,23,600+0
1574,1570,4,1572.0,0.0,rnbqkbnr/ppp1pppp/8/3p4/2PP4/8/PP2PPPP/RNBQKBNR b KQkq - 0 2,2,600+0
754,647,107,700.5,0.0,rnbqkbnr/ppp1pppp/8/3p2P1/8/8/PPPPPP1P/RNBQKBNR b KQkq - 0 2,2,600+0
1676,1644,32,1660.0,0.0,7r/4b3/p5k1/1p1p2p1/3P2Q1/2P5/PP4Pq/4KN2 b - - 0 31,31,600+0
1519,1442,77,1480.5,1.0,rnbqkbnr/ppp2ppp/8/3p4/3Pp3/2N1P3/PPP2PPP/R1BQKBNR w KQkq - 0 4,4,600+0
1119,1092,27,1105.5,0.0,r1b1k1nr/pppp1Npp/8/2b5/2BnP3/3P4/PPPK1PqP/RNBQ3R b kq - 1 7,7,600+0
812,803,9,807.5,1.0,r2qk2r/p3b2p/b2p1B2/p2N1n2/8/5N2/PPP2PPP/R2QR1K1 b kq - 0 16,16,600+0
965,965,0,965.0,1.0,2krr3/p6p/2b2n2/1p6/2B5/2N1B3/PP3PPP/R4RK1 w - - 0 20,20,600+0
1846,1828,18,1837.0,0.0,rnbqkbnr/ppp2ppp/3p4/4p3/4P3/5N2/PPPP1PPP/RNBQKB1R w KQkq - 0 3,3,600+0
1315,1277,38,1296.0,1.0,r1q2rk1/p4ppp/1pNb4/1Qn3B1/2P5/P2P3P/1P3PP1/4RRK1 b - - 2 21,21,600+0
1712,1711,1,1711.5,1.0,rnbqkb1r/ppp1pppp/5n2/3p4/8/6P1/PPPPPPBP/RNBQK1NR w KQkq - 2 3,3,600+0
1404,1382,22,1393.0,1.0,rn1q1rk1/ppp2ppp/4bn2/3p2B1/1b1P4/2NBPN2/PP3PPP/R2QK2R b KQ - 2 8,8,300+3
1356,1332,24,1344.0,0.0,8/2K5/4p3/2k2p2/5Pp1/5qP1/8/8 b - - 3 50,50,300+3
1220,1190,30,1205.0,1.0,r1bqkbnr/pppp1ppp/8/8/3QP3/8/PPP2PPP/RNB1KB1R b KQkq - 0 5,5,300+3
1721,1625,96,1673.0,1.0,r1b1kb1r/p3pppp/2pp4/B3P3/3P4/5N2/Pn3PPP/R3K2R w KQkq - 0 12,12,300+3
1285,1282,3,1283.5,1.0,2kr3r/pppq1pbp/2n3p1/3p1nP1/1P1PpPbP/P1N1P3/1BPQN1B1/R3K2R b KQ - 4 13,13,300+3
1273,1269,4,1271.0,1.0,6k1/8/7p/1Rp3p1/p7/P1P3P1/1P1r3P/7K b - - 1 31,31,300+3
1282,1282,0,1282.0,0.0,r1b1r1k1/pp1qbppp/2n2B2/3NPp2/8/5N2/PPP2PPP/R2QR1K1 w - - 7 14,14,300+3
690,605,85,647.5,0.0,rnbqkbnr/pppp1ppp/8/4p3/7P/8/PPPPPPP1/RNBQKBNR w KQkq - 0 2,2,300+3
942,923,19,932.5,1.0,r3kb1r/2p2ppp/p2qpn2/1p1pNb2/5P2/1PN1P3/PBPP2PP/R2Q1RK1 w kq - 4 11,11,300+3
1802,1791,11,1796.5,0.0,3R1r2/6bk/2bQ1qpp/p7/Pp6/4B3/1P3PPP/2R3K1 b - - 6 35,35,300+3
2061,2016,45,2038.5,1.0,8/7p/5knP/7K/8/8/8/8 w - - 3 73,73,300+0
2330,2294,36,2312.0,0.0,r2q1rk1/1b3p2/pnp1pn1p/1p4p1/P2P4/2P1PNB1/4BPPP/RQ3RK1 w - - 3 16,16,300+0
1859,1719,140,1789.0,0.0,3r4/1p3k2/p2rp3/1b4RN/2q2p2/P1Pp1PP1/1P1Q4/4R1K1 b - - 0 29,29,300+3
1006,960,46,983.0,0.0,r1b1k1nr/pppp1ppp/1b3q2/n2PN3/4P3/8/PP3PPP/RNBQKB1R w KQkq - 3 8,8,300+3
2034,1947,87,1990.5,1.0,r1bqk2r/1p1n1ppp/p3p3/3pP3/3b1P2/2N5/PPPQ2PP/2KR1B1R w kq - 0 12,12,300+3
1514,1482,32,1498.0,1.0,4r1k1/pp3p1p/1q4pB/3p1b2/2P5/P4Q1P/6P1/4R2K b - - 0 24,24,300+3
1122,1121,1,1121.5,1.0,r1bqk1nr/pppp1ppp/2nb4/4p3/4P3/2N2N2/PPPP1PPP/R1BQKB1R w KQkq - 4 4,4,300+3
1761,1739,22,1750.0,1.0,8/3k3p/2b1p3/2PpPp2/2nK1P2/P1R3P1/7P/1R6 b - - 10 43,43,300+0
1302,1265,37,1283.5,0.0,r1bqk1nr/1ppp1ppp/1b6/p3p3/P1B1P3/2PP4/1P3PPP/RN1QK1NR w KQkq - 0 8,8,300+0
1699,1695,4,1697.0,0.0,k6r/6Rp/pR6/8/4P3/P6P/nPP3P1/6K1 b - - 0 33,33,300+0
1383,1382,1,1382.5,1.0,1k1r1b1r/n2Bpppp/Q3bn2/3p4/3P4/P3P3/1P3PPP/R1B1K1NR b KQ - 0 14,14,300+0
1615,1581,34,1598.0,1.0,3r1k1r/p2bqppp/3Np1n1/4P3/2P5/P7/1P3PPP/R2QR1K1 w - - 1 20,20,300+0
1993,1853,140,1923.0,1.0,8/4PK2/5N2/8/3k4/8/8/8 b - - 0 72,72,300+0
1483,1438,45,1460.5,0.0,r1b2r2/ppp2kpp/2nb4/3q4/3P4/8/PP3PPP/RNBQ1RK1 b - - 0 11,11,300+0
1251,1204,47,1227.5,1.0,6k1/p4pp1/4p2p/8/8/1NP2B2/Pr3PPP/R3r1K1 w - - 0 22,22,300+0
1553,1550,3,1551.5,0.0,rnb1k2r/ppp1pp1p/6p1/4Pn2/2B5/2P5/PP3PPP/RN1K2NR b kq - 0 8,8,300+0
1512,1501,11,1506.5,1.0,r7/p1p1Pp1p/n7/1p6/2Pk1B2/PP1Q2P1/4BP1P/R3K2R b KQ - 3 22,22,300+0
1683,1650,33,1666.5,0.0,2k5/ppp2rp1/3p4/5Nn1/PP2P1q1/2P1K3/8/R3Q3 b - - 1 28,28,300+0
1065,978,87,1021.5,0.0,r1bqkbnr/ppp1pppp/2n5/3p4/3P1B2/4P3/PPP2PPP/RN1QKBNR b KQkq - 0 3,3,300+0
2300,2177,123,2238.5,0.0,r2q1r1k/2p2p2/p3Pbp1/1p2BPNp/6bP/2Q5/PPP5/2K4R b - - 1 26,26,300+0
1547,1533,14,1540.0,0.0,1r2k2r/ppp1nq2/3p3p/6p1/3R4/P1P3B1/1PQ1PPP1/2K2B1R w k - 1 19,19,300+0
1037,997,40,1017.0,1.0,rnbqkbnr/ppp4p/4p1p1/3pPp2/3P4/2N2N2/PPP2PPP/R1BQKB1R w KQkq - 0 6,6,300+0
1832,1730,102,1781.0,0.0,r4rk1/pppqbppp/3p4/3P3n/2P2Bb1/3B2QP/PP3PP1/RN3RK1 w - - 1 13,13,300+0
1738,1717,21,1727.5,1.0,r3kb2/pppbqp1r/2n4n/7p/3PPBpP/2PB2P1/PP1N4/R2QK2R b KQq - 2 14,14,300+0
1362,1306,56,1334.0,0.0,r2qk1nr/ppp2ppp/2n1p3/3p4/1bPP2b1/2N1PN2/PP3PPP/R1BQKB1R w KQkq - 2 6,6,300+0
1296,1255,41,1275.5,1.0,r1bqkb1r/pppp1pp1/2n2n1p/4p3/2B1P3/2P2N2/PP1P1PPP/RNBQK2R w KQkq - 1 5,5,900+0
1775,1708,67,1741.5,1.0,r2qk2r/pp3ppp/2n1pnb1/3p4/1b1P2P1/2N1BN1P/PPPQBP2/2KR3R w kq - 3 12,12,2400+0
1674,1336,338,1505.0,0.5,r1b1kbnr/pp3ppp/8/n1pp4/8/2P2N2/PP1PBPPP/RNB2RK1 b kq - 2 9,9,1500+0
1569,1496,73,1532.5,1.0,r2qkbnr/pp2pppp/2n5/2pp4/6b1/5NP1/PPPPPPBP/RNBQ1RK1 w kq - 2 5,5,600+0
2248,2031,217,2139.5,1.0,3r2k1/ppr2pq1/6pp/2NP4/8/1Q6/Pb3PPP/3R1RK1 w - - 2 25,25,300+0
1863,1800,63,1831.5,1.0,5rk1/4p1bp/3p2p1/q1pP4/2P1QB2/3B4/7P/6NK b - - 0 29,29,300+0
1723,1642,81,1682.5,0.0,3r2k1/3qr1p1/1P3pPp/R1Qn4/2B1p3/7P/7K/4R3 b - - 0 48,48,300+0
1631,1630,1,1630.5,1.0,rnbqkbnr/ppp1pppp/8/3p4/4P3/8/PPPP1PPP/RNBQKBNR w KQkq - 0 2,2,300+0
1596,1559,37,1577.5,1.0,5rk1/p1P2ppp/B2ppb2/8/1r1P4/2N1PP2/PP3P1P/R3K1R1 b Q - 2 18,18,300+0
1551,1523,28,1537.0,0.0,r2q1r2/1p1bp1k1/p2b3p/2pP2p1/1PP1Q1P1/P7/5P1P/4RRK1 b - - 0 24,24,300+0
1463,1451,12,1457.0,0.0,rnbqkbnr/pp1p1ppp/2p1p3/8/8/2P1P3/PP1P1PPP/RNBQKBNR w KQkq - 0 3,3,300+0
1290,1269,21,1279.5,0.0,r1bqkbnr/1p1p1ppp/p1n1p3/1Bp5/4P3/2N2N2/PPPP1PPP/R1BQK2R w KQkq - 0 5,5,300+0
1167,1156,11,1161.5,0.0,r1bn1rk1/ppp2ppp/8/3Bp1N1/3b4/3P1Q2/PPP3PP/R4K1R w - - 1 13,13,600+3
1080,1036,44,1058.0,1.0,r2q2k1/1ppb2pp/p1n1p3/8/3PNr1P/2P5/PP2B1P1/R2QK2R w KQ - 0 15,15,300+0
1846,1831,15,1838.5,0.0,3r1rk1/pb3ppp/4p3/3pP3/1qpP1P2/7P/PP2Q1PN/R3R1K1 b - - 2 22,22,300+0
1444,1433,11,1438.5,1.0,r1bqkbnr/1ppp1pp1/p1n4p/4p3/2B1P3/3PB3/PPP2PPP/RN1QK1NR w KQkq - 2 5,5,300+0
1091,1087,4,1089.0,1.0,rnbqk2r/ppp2ppp/5n2/1Nb5/3p4/1P6/PBPP1PPP/R2QKBNR w KQkq - 0 7,7,300+0
1360,1317,43,1338.5,0.0,3r2r1/pb3p2/5p2/2R5/3p3p/1P4P1/P3kP1P/3R2K1 w - - 4 34,34,300+0
1630,1626,4,1628.0,0.0,r3k2r/pp3pRp/2n1p3/1B1p3Q/8/7P/P1q2P1B/3R1K2 b kq - 0 20,20,300+0
1423,1419,4,1421.0,1.0,2k3nr/pp1r1p2/2p5/3Pp1p1/8/P2PN1P1/1PP2PK1/R2Q1R2 b - - 0 21,21,300+0
1283,1180,103,1231.5,0.0,2k5/6p1/4p3/p2pP2p/P1pP4/3qP3/4RK2/8 w - - 2 43,43,300+0
1889,1857,32,1873.0,1.0,r4k2/pppq1p2/3bnP2/Q7/2pP2P1/3bRN1r/PP1N1PK1/4R3 b - - 1 22,22,300+0
1418,1402,16,1410.0,0.0,r4rk1/pbp3pp/3pnp2/8/4P3/1PPBB3/P4PPP/R5K1 b - - 2 19,19,300+0
2038,1970,68,2004.0,0.0,3r1rk1/1p3pp1/p1p1b2p/2Q1P3/3N4/2B1n3/PPP1B1PP/3R1RK1 w - - 2 21,21,300+0
1766,1749,17,1757.5,1.0,r2qr1k1/1pp3pp/p2bbn2/8/3P4/1QN5/PPP3PP/R1B2RK1 w - - 2 16,16,300+0
1895,1890,5,1892.5,0.0,r2q1rk1/ppp1nppp/2n5/4P3/1bPp2b1/P4NP1/1P1NPPBP/R1BQ1RK1 b - - 0 9,9,300+0
1672,1665,7,1668.5,1.0,6k1/1r5p/2qBp1pQ/3pPr2/p2P4/2p1P3/7P/1R4K1 w - - 0 36,36,300+0
1509,1500,9,1504.5,1.0,2k4r/1pprqpp1/p3pn1p/3p4/P2P4/2P1P1PP/1P1N2P1/R3QRK1 b - - 0 17,17,300+0
1662,1643,19,1652.5,0.5,8/6k1/3p1r2/p1b4r/P5K1/1R6/8/8 b - - 7 52,52,300+0
963,863,100,913.0,0.0,2krr3/ppp2ppp/5n2/5q2/2P3bP/1P3Bn1/PB1P4/RN1QKR2 w Q - 0 19,19,300+0
1497,1493,4,1495.0,0.0,r2qkb1r/ppp2ppp/2n2n2/6Bb/2BPp3/2P2N1P/PP3PP1/RN1Q1RK1 w kq - 0 10,10,300+0
1500,1080,420,1290.0,0.0,rnb1kbnr/pppp1ppp/8/4p3/4P2N/8/PPPP1P1q/RNBQKB2 w Qkq - 0 6,6,10800+0
1184,1155,29,1169.5,0.0,r1bqkbnr/pppp1ppp/2n5/4p3/4P3/5N2/PPPP1PPP/RNBQKB1R w KQkq - 2 3,3,300+3
831,768,63,799.5,0.0,r4rk1/pp3ppp/1b1pn3/2p1p3/1P2P1Pq/2PP3P/P5P1/RNBQ1R1K w - - 0 16,16,300+3
1694,1682,12,1688.0,0.0,r4rk1/pppnqppp/3p4/8/2B1P1b1/2PQ1N2/PP3PPP/R4RK1 w - - 0 13,13,300+3
1288,1280,8,1284.0,0.0,r1bqkbnr/pp2pppp/2np4/2p5/2B1P3/2P4P/PP1P1PP1/RNBQK1NR b KQkq - 0 4,4,300+3
1572,1521,51,1546.5,0.0,rnbqkb1r/pppppppp/5n2/8/3P4/8/PPP1PPPP/RNBQKBNR w KQkq - 1 2,2,300+3
879,869,10,874.0,0.0,6k1/5pp1/3B1b1p/8/p7/8/rp1RKPPP/8 w - - 0 37,37,300+3
1293,1280,13,1286.5,1.0,r3k2r/pp1b1ppp/1qn1p3/3pPn2/1b1P1P2/1P3N1P/PB3KP1/RN1Q1B1R b kq - 4 11,11,300+3
1787,1753,34,1770.0,1.0,r4bQ1/p3kpp1/n1Pp4/2p5/3P1Bn1/P4N2/1P6/2K2B2 w - - 0 22,22,300+3
1320,1318,2,1319.0,0.0,r1bQk1nr/pp3ppp/4pb2/4p3/2P2P2/2N5/PP4PP/R1B1KB1R b KQkq - 0 10,10,300+3
1130,1087,43,1108.5,0.0,rn1qkb1r/ppp2ppp/1n2p3/8/3PP1b1/2N2N2/PP2BPPP/R1BQK2R b KQkq - 1 7,7,300+3
1769,1679,90,1724.0,0.0,rn1k4/1p3ppp/1p1p1n2/8/3P4/5N2/P4PPP/RN3K2 b - - 0 20,20,300+3
1223,1162,61,1192.5,0.0,3r2k1/ppp2p1p/2n3p1/2bqp2n/2P5/3B1Q1P/PP3PP1/RN2K1NR b KQ - 0 15,15,600+0
1630,1309,321,1469.5,0.0,r2q1bnr/ppp2N1p/2n2p2/2kpp2Q/4P2B/3P2PB/PPP2P2/RN2K3 w Q - 5 13,13,300+0
1532,1481,51,1506.5,1.0,r1bqkbnr/pppp1ppp/2n5/4p3/4P3/5N2/PPPP1PPP/RNBQKB1R w KQkq - 2 3,3,300+0
1199,1158,41,1178.5,1.0,r7/5kpp/4b3/p1n2p2/6P1/1P1B3P/2PB1P2/4R1K1 b - - 0 26,26,300+0
1760,1706,54,1733.0,0.0,r4r2/pppq4/2nbp1k1/5p2/3P3Q/2PB2P1/PP3P1P/R3R1K1 b - - 3 21,21,300+0
1179,1177,2,1178.0,0.0,r2q1rk1/ppp3pp/3ppn2/2b1p1B1/3PP1b1/2P2N2/PP1N1PPP/R2QR1K1 b - - 0 11,11,300+0
1639,1635,4,1637.0,1.0,r5k1/ppp1q1p1/2np3p/4pr2/2P5/P1Q1R3/1PPN1PPP/3R2K1 w - - 0 18,18,300+0
1700,1656,44,1678.0,1.0,6k1/r1pn2pp/3pb3/p1b5/2P2P1q/PP4Q1/1B1P1PBP/R4RK1 b - - 4 19,19,300+0
1654,1653,1,1653.5,0.0,r1b1qr2/ppp3kp/3p2p1/3Pppn1/8/4Q2P/PPP2PP1/2KR1B1R w - - 0 15,15,300+0
816,695,121,755.5,1.0,2q1k2r/1r1p3p/2n2p2/1n2p1p1/1p2P3/3Q1P2/P2P2PP/1RB2RK1 b k - 6 22,22,300+0
2052,2049,3,2050.5,0.0,8/8/4pk2/N6R/3bP3/7P/6P1/7K w - - 1 36,36,300+0
1874,1808,66,1841.0,0.0,6k1/1p6/p2q2pp/P4p2/2pPr3/2P2QP1/2P4P/1R3K2 b - - 0 33,33,300+0
1442,1435,7,1438.5,1.0,r2qk2r/pp1b1ppp/2n1pn2/2bp4/8/2NB1Q1P/PPPPNPP1/R1B1K2R w KQkq - 3 9,9,300+0
1369,1333,36,1351.0,1.0,1r3rk1/4q2p/4p3/P1pp1p2/4nPpP/Np2P1P1/6Q1/R3K2R b KQ - 2 31,31,300+0
1223,1217,6,1220.0,1.0,r2qk2r/ppp2pp1/3bp2p/n2p4/3PP1b1/2P2N2/PPBBQPPP/R4RK1 b kq - 0 11,11,300+0
1430,1385,45,1407.5,1.0,rnbq1r1k/ppp3pp/3p1n2/2b1p1N1/4P3/1QPP4/PP3PPP/RNB2RK1 b - - 4 9,9,300+0
1581,1491,90,1536.0,1.0,8/5p2/1p3r2/4K1kp/PR3p2/5P1P/5P2/8 b - - 0 42,42,300+0
1317,1287,30,1302.0,1.0,rn1q1rk1/pp2bppp/5n2/2pp3b/3P4/2PB1N1P/PP1N1PP1/R1BQ1RK1 w - - 0 10,10,300+0
1596,1593,3,1594.5,1.0,r1bq1rk1/pp2bppp/3p1n2/2pN2B1/2Q1P3/8/PPP2PPP/2KR1B1R b - - 1 10,10,300+0
1099,963,136,1031.0,1.0,3R1bk1/1p3p1p/2p3p1/7r/5B2/rPP3KP/5n2/8 b - - 1 29,29,300+0
1925,1916,9,1920.5,0.0,r7/pp3rkp/2q2bp1/2Ppn3/3B4/6NP/P1P1QPP1/3R1RK1 w - - 4 23,23,300+0
1360,1325,35,1342.5,0.0,rn1qk1nr/pbppppbp/1p4p1/4P3/3P4/5PP1/PPP4P/RNBQKBNR b KQkq - 0 5,5,600+0
2110,2002,108,2056.0,0.0,r3k2r/1ppqbpp1/pn2p2p/n3Pb2/3P4/2P2N1P/PP3QP1/RNBBK2R b KQkq - 5 14,14,600+0
1843,1797,46,1820.0,1.0,r4rk1/pp2npbp/1qn3p1/6B1/1P6/P1P2Q1P/B4PP1/Rb2R1K1 w - - 0 16,16,600+0
787,780,7,783.5,0.0,r1bqk1nr/ppp2ppp/2n5/3pp3/1b1P1B2/2N1Q3/PPP1PPPP/R3KBNR w KQkq - 0 6,6,600+0
1753,1749,4,1751.0,0.0,r3kbnr/1p1b1ppp/1qn1p3/p2pP3/P2p4/1N1B1N2/1PP2PPP/R1BQ1RK1 b kq - 0 9,9,600+0
1720,1717,3,1718.5,1.0,r1b2rk1/pp2qpp1/2pb3p/8/3QP3/PB6/1P3PPP/R1B1R1K1 b - - 1 17,17,600+0
1593,1589,4,1591.0,1.0,rnbqkbnr/pp1ppppp/2p5/8/4P3/8/PPPP1PPP/RNBQKBNR w KQkq - 0 2,2,600+0
1390,1289,101,1339.5,1.0,r1b2rk1/ppp2pp1/1b1p2qp/1PP1p3/P3P3/2P2N2/5PPP/RN1Q1RK1 b - - 0 14,14,600+0
948,908,40,928.0,1.0,r3kbnr/ppp2ppp/2b1p3/8/1P6/2NP4/1PP2P1P/R1BBK1R1 w Qkq - 0 12,12,600+0
1398,1392,6,1395.0,1.0,6k1/6pp/2p5/5p2/NP6/5P1P/p1r1rPK1/R7 w - - 2 31,31,600+0
1500,1272,228,1386.0,0.0,rnb1kb1r/ppp1qpp1/3p3p/8/3Pn3/2N2N2/PPP2PPP/R1BQKB1R w KQkq - 0 7,7,600+0
688,608,80,648.0,0.0,3rr1k1/pp4pp/3p4/3q1p2/2Bp1Q2/1P4PP/P1P2P2/2K4R b - - 2 21,21,600+0
1370,1291,79,1330.5,1.0,rn1qk3/ppp2p1r/7p/8/1bP1n3/1P3b2/PB1NBPP1/R2Q1RK1 w q - 0 14,14,600+0
1745,1715,30,1730.0,0.0,r4r1k/1qR3pp/4p3/P2pP2b/3N4/QPR4P/5PP1/6K1 b - - 4 32,32,600+0
2012,1949,63,1980.5,1.0,3rr1k1/pb3pbp/1p4p1/2n4n/2P1p3/P1N3BP/1P2BPPN/3RR1K1 w - - 2 19,19,600+0
1259,1224,35,1241.5,0.0,5r2/2p4k/1n1p1q1b/1P1Pp3/2P5/2Q1P3/R5PP/4N1K1 b - - 0 32,32,600+0
1210,1185,25,1197.5,0.0,3r1r2/1p4p1/p1p1bpk1/2p5/5B2/2N5/PPn2PPP/1R4K1 w - - 0 22,22,600+0
1668,1633,35,1650.5,0.0,2r3k1/p3bppp/1p6/1b1pP3/3P4/2r5/3N2PP/RR4K1 w - - 0 30,30,600+0
991,952,39,971.5,0.0,N4b1r/1k6/p1np4/1p3P2/1Pp5/2P1B1Pq/P5QP/R3R1K1 b - - 4 24,24,600+0
1527,1513,14,1520.0,0.0,7k/r4p1p/P1P3p1/1B2p3/4Kn2/4R1Q1/5P2/4q3 b - - 2 42,42,600+0
1626,1570,56,1598.0,1.0,4r3/5k1p/5pp1/3Rn3/5K2/3p3P/6P1/8 b - - 3 48,48,600+0
1760,1388,372,1574.0,1.0,r2qr3/1pp2pk1/3p2p1/3P2Pp/8/pP3B1b/P1PQ1P2/2K1R1R1 b - - 1 23,23,900+0
1935,1849,86,1892.0,1.0,4r3/1k6/4p1Q1/1p1pB3/3P3p/2P4P/5b2/5q1K w - - 0 37,37,300+0
665,661,4,663.0,0.0,r1bqkbnr/ppp1pppp/2n5/3N4/4P3/8/PPPP1PPP/R1BQKBNR b KQkq - 0 3,3,600+0
1026,1009,17,1017.5,1.0,rnbqkbnr/ppp1pppp/3p4/8/4P3/8/PPPP1PPP/RNBQKBNR w KQkq - 0 2,2,600+0
2093,1918,175,2005.5,1.0,r2q1r2/1p1bppkp/p2p1np1/4n3/4P3/1NN5/PPPQBPPP/R4RK1 w - - 0 13,13,1800+20
1851,1845,6,1848.0,1.0,r5k1/2p2pp1/7p/1p2B1b1/1PN5/4P3/5PPP/5RK1 w - - 0 21,21,300+0
1221,1219,2,1220.0,1.0,rnb1k2r/pppp1ppp/5n2/4N3/4P2q/8/PPPP2PP/RNBQ1BKR w kq - 3 6,6,300+3
1640,1638,2,1639.0,0.0,1r5r/pbk2Npp/8/2pq4/3p1Q2/3P2P1/PP2P2P/R4RK1 b - - 2 25,25,300+3
1519,1493,26,1506.0,0.0,8/1ppk1R1p/p2p2n1/3Np3/4P3/P2P4/1PP1q1PP/7K b - - 5 29,29,300+3
1691,1689,2,1690.0,0.0,r1b2r2/4ppkp/p1Np1np1/5P2/2p5/1P6/2PN2PP/R4R1K w - - 0 24,24,300+3
1074,1055,19,1064.5,0.0,r5k1/p1p1qppp/Q2b4/R1p5/8/1PP1BP2/1P3KPP/8 b - - 3 24,24,300+3
845,719,126,782.0,0.0,r1bq1rk1/2p2ppp/p1n5/1pbpP3/4n3/P1N2N2/BPP2PPP/R1BQ1RK1 w - - 1 12,12,300+3
1377,1364,13,1370.5,1.0,r4rk1/p1p1nppp/2p5/4Pq2/1p1b4/1P4P1/PBP1QP1P/R2N1RK1 b - - 1 16,16,300+3
1459,1412,47,1435.5,0.0,rn1q1rk1/1p3ppp/2p2n2/p2pp3/P1Pb2b1/1PNP1NP1/1B2PPBP/R2Q1RK1 w - - 0 11,11,600+0
1346,1330,16,1338.0,0.5,8/1p3kpp/p2n4/5p2/PP1N3P/5KP1/5P2/8 b - - 3 35,35,600+0
1668,1615,53,1641.5,0.0,r4k2/5p1p/pp3p2/1Np2b2/2P5/3PR3/PP3PPP/6K1 w - - 0 22,22,600+0
1768,1694,74,1731.0,1.0,rnbqkbnr/pp1ppppp/8/8/4P3/2N5/PP3PPP/R1BQKBNR b KQkq - 0 4,4,600+0
805,658,147,731.5,0.0,rnbqkbnr/pppp1ppp/8/4p3/4P3/8/PPPP1PPP/RNBQKBNR w KQkq - 0 2,2,600+0
1468,1439,29,1453.5,0.0,rnbqkbnr/1p3ppp/p2pp3/2p1P3/2B5/5N2/PPPP1PPP/RNBQ1RK1 b kq - 0 5,5,600+0
1541,1526,15,1533.5,0.0,5r2/p1r3k1/1p3p1p/5Bp1/4P2P/P2PK3/5P2/6R1 b - - 0 32,32,600+0
1099,1074,25,1086.5,1.0,rnbq1rk1/pp1p1ppp/2pb1n2/4p1N1/2B1P3/2NP4/PPP2PPP/R1BQK2R b KQ - 0 6,6,600+0
2253,2230,23,2241.5,1.0,r1bqkb1r/pp5p/2n1pnp1/2pp1p2/3P1B2/2P1P3/PP1N1PPP/R2QKBNR w KQkq - 2 8,8,300+0
1808,1764,44,1786.0,0.0,r1bqk2r/pp1p1ppp/2n1pn2/8/1b2P3/1PN5/P1P1NPPP/R1BQKB1R b KQkq - 2 7,7,300+0
1421,1413,8,1417.0,1.0,rn1qkb1r/pp2pppp/2p2n2/3p4/3P1Bb1/4PN2/PPP2PPP/RN1QKB1R w KQkq - 3 5,5,300+0
1406,1366,40,1386.0,0.0,r3k1nr/pb1pbppp/4p3/1B1Pq3/8/4N3/PP3PPP/R1BQK2R b KQkq - 0 12,12,300+0
1329,1251,78,1290.0,0.5,r5k1/6pp/p3r3/R3p1p1/4P1P1/8/5PK1/R7 b - - 0 31,31,300+0
1203,1165,38,1184.0,1.0,3rkb1r/pp1b1ppp/5n2/1B2n3/8/2P5/PP2NPPP/RNB2RK1 w k - 2 13,13,300+0
1279,1273,6,1276.0,0.0,r1bqkb1r/ppp2ppp/2n2n2/3pp3/8/1P4P1/PBPPPPBP/RN1QK1NR w KQkq - 2 5,5,300+0
893,859,34,876.0,0.0,r1bqkbnr/ppp1pp2/2n4p/3p2p1/3P4/4P1B1/PPP2PPP/RN1QKBNR b KQkq - 0 5,5,300+0
1608,1515,93,1561.5,1.0,r4rk1/pp1n1pp1/3R1n1p/4p3/4P3/2B2N2/qPP1QPPP/2K2B1R b - - 0 13,13,300+0
1485,1467,18,1476.0,0.0,r4rk1/5p2/5Pp1/2pp3p/pp4bP/1P1B4/P1P5/1K3R1R w - - 0 28,28,300+0
1634,1634,0,1634.0,0.0,3r2k1/1p3pp1/p7/5R2/1PN1P3/P2r1PPp/1R3KbP/8 w - - 0 32,32,300+0
1006,984,22,995.0,0.0,r1bqkbnr/pppp1ppp/2n5/3P4/8/8/PPP2PPP/RNBQKBNR b KQkq - 0 4,4,300+0
1352,1345,7,1348.5,0.0,rn1qkb1r/ppp1p1pp/3p1n2/8/3PpNQ1/8/PPP2PPP/RNB1KB1R w KQkq - 1 6,6,300+0
1264,1187,77,1225.5,0.5,rnbqkb1r/pppp1ppp/8/8/3Pnp2/5N2/PPP3PP/RNBQKB1R w KQkq - 0 5,5,300+0
803,770,33,786.5,0.0,8/p5k1/6R1/2p2K1b/2q4P/8/1r6/8 b - - 1 52,52,300+0
2332,2314,18,2323.0,1.0,1rb1r1k1/ppbq1pp1/7p/1PP1p3/P1Np4/3P2P1/5PBP/R2QR1K1 b - - 0 22,22,300+0
1569,1547,22,1558.0,1.0,r1b1k2r/ppp1n1pp/5pq1/2bp4/7B/2P1PN2/PP2BPPP/R2QK2R w KQkq - 2 12,12,300+0
2012,1908,104,1960.0,1.0,rn2k1nr/pbp1bppp/1p6/8/2p5/2PP1N2/PP1N1PPP/R1B1K2R b KQkq - 1 9,9,600+0
1092,984,108,1038.0,0.0,8/6k1/pp2R1b1/2p3p1/3p1R2/8/1P6/6K1 w - - 0 36,36,600+0
1867,1827,40,1847.0,0.0,r2qr1k1/pp2ppb1/4b1pp/3pP3/4BPPB/N1P4P/PP1Q4/R4RK1 b - - 0 17,17,300+0
1380,1314,66,1347.0,0.0,rnbqkbnr/pp2pppp/2p5/3p4/2PP4/2N5/PP2PPPP/R1BQKBNR b KQkq - 1 3,3,600+5
1793,1757,36,1775.0,0.0,rnbqkb1r/ppp1pppp/3p1n2/8/3P4/2N2N2/PPP1PPPP/R1BQKB1R b KQkq - 0 3,3,600+5
841,835,6,838.0,0.0,r2qkb1r/p1pb1Q1p/1p1p1p1n/4p1p1/1nB1P3/8/PPPP1PPP/RNB1K1NR b KQkq - 7 10,10,600+5
815,769,46,792.0,1.0,r3r3/pp6/6Q1/6p1/1kp5/N3PN1P/P4PPK/R7 b - - 0 23,23,600+5
1292,1254,38,1273.0,1.0,r1bq3r/2p3p1/p1p4k/3p2p1/4Q3/8/PPPN1PPP/R4RK1 w - - 0 17,17,600+5
1252,1225,27,1238.5,0.0,6k1/6p1/2p4p/4N3/8/4P2P/2r2NP1/4R1K1 b - - 0 29,29,600+5
956,945,11,950.5,0.0,R7/pp1k4/8/2p5/r7/6P1/5PKP/8 w - - 4 31,31,600+5
1698,1692,6,1695.0,1.0,r1bqkbnr/pp1p1ppp/2n1p3/2p5/4PP2/2N5/PPPP2PP/R1BQKBNR w KQkq - 0 4,4,900+10
885,818,67,851.5,1.0,r1b1k2r/ppp2ppp/1b6/1P6/2N2n2/2N5/P2P1PPP/R2QKB1R w KQkq - 2 13,13,900+10
710,532,178,621.0,0.0,3r2k1/p2bB2p/2p3p1/1p5n/3P3b/P7/1P3rPP/1N3K1R w - - 0 30,30,900+10
2133,2122,11,2127.5,1.0,r2q1b1r/ppp1k2p/2n1bp2/3p3Q/4p3/2P1P3/PPBN1PPP/2KR2NR b - - 3 12,12,300+0
1591,1574,17,1582.5,1.0,r3k2r/pp3pp1/2q5/2b1P3/3p1Bp1/5PP1/PP6/RN1Q1RK1 b kq - 0 16,16,600+5
1500,1495,5,1497.5,0.0,8/2K3P1/5Q2/8/6k1/8/8/8 w - - 1 66,66,600+0
1308,1300,8,1304.0,0.0,3r1rk1/ppq1ppb1/2p2np1/4p2p/4P1bP/3PBNP1/PPPQ1PB1/R3R1K1 w - - 0 15,15,300+3
1593,1592,1,1592.5,1.0,2kr1bnr/ppp1q1pp/2b1pp2/3pP3/3P1P2/5N2/PPP3PP/RNBQ1RK1 w - - 3 9,9,300+3
1183,1171,12,1177.0,0.0,r2qkb1r/ppp2ppp/2n1pn2/3p4/6b1/1P2PN2/PBPPBPPP/RN1Q1RK1 b kq - 1 6,6,300+3
1333,1198,135,1265.5,0.0,rnbqk2r/ppp1ppbp/3p1np1/8/3P1B2/2N1P3/PPP2PPP/R2QKBNR w KQkq - 3 5,5,300+3
2049,2038,11,2043.5,0.0,4rrk1/2p2p2/2pp2p1/p1n1q2p/2P1P1bP/1PN1Q3/P1BR1PP1/4R1K1 b - - 5 21,21,300+8
1485,1472,13,1478.5,0.5,r2q1rk1/3b1pbp/n1p1pnp1/p1P5/Pp6/4PNP1/1P2NPBP/1RBQ1RK1 w - - 2 14,14,1800+0
1388,1382,6,1385.0,0.0,r4rk1/1b3p2/3p2pp/pp2p3/2p1P3/PP1PqBQP/3b2P1/1RN2R1K w - - 0 26,26,600+5
1948,1861,87,1904.5,1.0,rnbqkb1r/ppp1pppp/5n2/3p4/3P4/5N2/PPP1PPPP/RNBQKB1R w KQkq - 2 3,3,300+3
1469,1434,35,1451.5,1.0,r2q1r2/1ppn1pkp/3p2p1/p2p3b/4P2P/P1N2P2/1PPQBP2/2KR3R w - - 0 17,17,300+3
1600,1585,15,1592.5,0.0,r1b1k2r/p1qn1pb1/2pp1n1p/1p2p1p1/3P4/2PBPPB1/PP2N1PP/R2QKN1R b KQkq - 2 11,11,300+3
1650,1641,9,1645.5,0.0,1r1qbrk1/2p3pp/Pp1p4/1N1Pp3/1NP1Pb2/3Q3P/6P1/R4RK1 w - - 1 26,26,300+3
1553,1512,41,1532.5,1.0,bn2r3/3p2k1/2p3Pp/1p1nN3/3q4/2PB4/5P1P/1N2R1K1 w - - 1 25,25,300+3
1517,1502,15,1509.5,0.0,rnbqkbnr/pppp1ppp/8/4p3/4P3/8/PPPP1PPP/RNBQKBNR w KQkq - 0 2,2,600+0
1101,1089,12,1095.0,1.0,3k4/4n3/2p2p2/4p1p1/1N6/3B1KB1/1p3P2/2q5 w - - 0 41,41,600+0
1241,1130,111,1185.5,0.5,r4rk1/p4p1p/2pQ2p1/7q/2NR4/4PP2/P3K2P/7R w - - 0 24,24,600+0
1730,1718,12,1724.0,0.0,3Q1Q2/pp4pk/7p/4n3/6PP/1P1q2NK/P7/8 b - - 0 45,45,600+0
1070,986,84,1028.0,1.0,r2qk1nr/pp2b2p/2n2p2/3p4/5B2/4QP2/PPP3PP/RN2K1NR w KQkq - 2 11,11,600+0
798,656,142,727.0,1.0,rnbqkbnr/pppp1ppp/8/4p3/8/2P1P3/PP1P1PPP/RNBQKBNR b KQkq - 0 2,2,600+0
1737,1736,1,1736.5,0.0,r1b2rk1/pp3ppp/2n1p3/3pq2R/8/1P6/P1PQB1PP/2B4K b - - 1 18,18,600+0
1486,1468,18,1477.0,0.0,rn2kbnr/pp3ppp/2ppq3/4p3/4P3/2NP1N2/PPP2PPP/R1BQK2R w KQkq - 0 7,7,600+0
951,891,60,921.0,0.0,r1b1k1nr/ppppq2p/5p2/2b5/3QPB2/2N5/PPP2PPP/R3KB1R w KQkq - 1 10,10,600+0
1384,1361,23,1372.5,1.0,r1b2r1k/pp4pp/5n2/8/2BQ4/8/PPP2PPP/R5K1 w - - 2 20,20,600+0
1100,1048,52,1074.0,1.0,r3k2r/ppp3bp/3p3n/4p3/5p1q/2PP1P1B/PP2NP2/R1BQR1K1 b kq - 0 14,14,300+0
1018,994,24,1006.0,0.0,r3k2r/pp3ppp/8/8/qP1Pp1Q1/P2nP2P/3K2P1/R4B1R b kq - 2 17,17,300+0
1254,1236,18,1245.0,0.5,5k2/8/1p6/p7/PPP5/K1B5/5p2/8 b - - 0 42,42,960+7
1697,1677,20,1687.0,1.0,r2qkbnr/ppp3pp/2n1b3/4pp2/3pP3/1P1P1N2/PBPNBPPP/R2QK2R b KQkq - 1 7,7,300+0
1570,1549,21,1559.5,1.0,r1bqk2r/pppp1pp1/2n2n1p/2b1p3/2B1P3/3P1N2/PPP2PPP/RNBQ1RK1 w kq - 0 6,6,300+0
1533,1495,38,1514.0,1.0,rn1qkbnr/1p1bppp1/p2p3p/2p5/3PPP2/2N2N2/PPP3PP/R1BQKB1R w KQkq - 0 6,6,300+0
1432,1348,84,1390.0,1.0,2rq1knr/1b2ppb1/8/pp1PP2p/1B3PpP/2NQ4/PPP3P1/R3K2R w KQ - 0 21,21,600+0
1425,1311,114,1368.0,1.0,3q1rk1/1b2ppb1/5npp/1N1Pp3/1P2P3/8/2Q1BPPP/B3R1K1 b - - 0 18,18,600+0
1177,1112,65,1144.5,1.0,rnbqkbnr/1ppppppp/8/p7/4P3/5N2/PPPP1PPP/RNBQKB1R b KQkq - 1 2,2,600+0
1815,1696,119,1755.5,1.0,r1b2rk1/p4pp1/1pq1pb1p/2p1P3/5B2/2PB3P/PPQ2PP1/2R1R1K1 b - - 0 16,16,600+3
1360,1295,65,1327.5,0.0,4r3/3RN1b1/7k/5ppP/4p3/8/P3K3/8 b - - 1 36,36,600+0
1794,1761,33,1777.5,0.0,r1b2r1k/ppp4n/2np2qp/3Nppp1/1PBbP3/P2P1NBP/2PQ1PP1/1R2K2R w K - 4 15,15,600+0
1224,1216,8,1220.0,0.0,r2q3r/pp2pp2/2n4k/5p2/8/4Q3/P1P3PP/R6K b - - 1 19,19,600+0
844,839,5,841.5,1.0,r2qkb1Q/1ppb1p1R/2n1p3/pB1p4/8/8/PPPP1PP1/RNB1K1N1 w Qq - 1 12,12,600+0
1619,1617,2,1618.0,0.0,3rkb1r/ppp2ppp/2n5/4p3/5Bn1/2P5/PP3PPP/RN2K1NR w KQk - 0 11,11,600+0
1599,1567,32,1583.0,0.0,1r6/2p1R1p1/2kp2P1/5P2/Np5p/1P6/2P1R2K/q7 b - - 2 36,36,600+0
1742,1666,76,1704.0,1.0,3r1r1k/1pq3pp/p1nb2b1/2p1N3/2B5/PPQ1P2P/1BP2PP1/2KR3R b - - 14 22,22,600+0
1056,962,94,1009.0,0.0,rnbqk1nr/pppp1pbp/6p1/4p3/3PP3/5N2/PPP2PPP/RNBQKB1R w KQkq - 2 4,4,600+0
1524,1486,38,1505.0,0.0,r3k1nr/pppq2b1/5p1p/6p1/1PNpP3/P4Q1P/5PP1/R1BR2K1 b kq - 0 15,15,600+0
1149,1073,76,1111.0,0.0,q6k/6pp/5p2/8/6Q1/3rK1PP/8/8 w - - 17 57,57,600+0
2039,2027,12,2033.0,0.0,rnbqkbnr/pp2pppp/3p4/2p5/4P3/5N2/PPPP1PPP/RNBQKB1R w KQkq - 0 3,3,600+0
1096,1079,17,1087.5,0.0,r1bk1b1N/ppp1q1p1/2n4p/8/4p3/1B1P4/PPP2RPP/RNBQ2K1 b - - 4 13,13,600+0
1827,1732,95,1779.5,1.0,rnbqkbnr/pp1ppppp/8/2p5/4P3/8/PPPP1PPP/RNBQKBNR w KQkq - 0 2,2,600+0
1505,1498,7,1501.5,1.0,r4rk1/2q3pp/p1n1p1pb/1p1pP3/3P2Q1/2N4P/PP3PP1/R4RK1 w - - 4 20,20,600+0
1331,1237,94,1284.0,1.0,r1bqk2r/pppp1ppp/2N2n2/2b5/2B1P3/8/PPP2PPP/RNBQK2R b KQkq - 0 6,6,600+0
1407,1338,69,1372.5,1.0,rnbqkbnr/ppp2ppp/4p3/3p4/3PP3/2N5/PPP2PPP/R1BQKBNR b KQkq - 1 3,3,600+0
1566,1519,47,1542.5,0.0,r1b1kbnr/ppp2ppp/2n5/3qp3/2P5/5N2/PP1P1PPP/RNBQKB1R b KQkq - 0 5,5,600+0
1696,1669,27,1682.5,1.0,rnbqkb1r/ppp1pp1p/6p1/8/2B5/2P5/P1PP1PPP/R1BQK1NR w KQkq - 0 6,6,600+0
1496,1482,14,1489.0,1.0,r4qr1/pb3p1k/1p1p1ppb/3pnN2/7Q/2PB3P/PP3PP1/R3R1K1 w - - 2 20,20,600+0
1639,1605,34,1622.0,0.0,8/4kpp1/2p1p1p1/p2pP3/3P2PP/5N2/r3KP2/8 w - - 1 27,27,600+0
1077,996,81,1036.5,1.0,rnbqkbnr/pppp1ppp/8/4p3/4P3/5N2/PPPP1PPP/RNBQKB1R b KQkq - 1 2,2,600+5
1992,1964,28,1978.0,1.0,8/ppp2np1/2k4p/3R4/PPP1rPP1/7P/7K/8 w - - 5 34,34,600+5
1667,1640,27,1653.5,0.0,rn4k1/pb4pp/1p6/3Pq3/3p4/3R1QP1/PP2P1BP/7K b - - 5 23,23,600+5
1402,1392,10,1397.0,0.0,r1bqkbnr/ppp2ppp/2n5/3B4/4P3/8/PP3PPP/RNBQK1NR b KQkq - 0 6,6,600+5
1916,1840,76,1878.0,1.0,r3k2r/pppq1p2/2npb2p/2b1p1pn/4P3/P1NP1N1P/1PP1BPPB/R2QK2R b KQkq - 2 11,11,600+5
1600,1561,39,1580.5,1.0,r1bqr1k1/pppp1ppp/8/2bPN3/3n4/P2P4/1PP2PPP/R1BQKB1R w KQ - 1 9,9,600+5
972,942,30,957.0,0.0,r1b1k2r/2p1bppp/p1pq4/3p4/5Pn1/2N1P3/PPPP2PP/R1BQ1RK1 w kq - 0 10,10,600+5
1357,1338,19,1347.5,1.0,r1b2rk1/pppq1pbp/1np1p1p1/4P1B1/3PN3/2P2N2/PP3PPP/R2Q1RK1 b - - 6 11,11,600+5
1579,1487,92,1533.0,1.0,rnb1kbnr/1p3ppp/2p1p3/p1qp4/3NP3/2NPBP2/PPP3PP/R2QKB1R b KQkq - 4 7,7,900+0
1637,1572,65,1604.5,1.0,1k6/p1p1r1pQ/1p1p1p2/1N6/PP2r3/3qn2P/6PK/2R5 b - - 0 30,30,3600+30
1589,1579,10,1584.0,0.0,r2qk2r/p1pbn1bp/1p1p1pp1/2n5/1PPNP3/3B4/PB3PPP/RN1Q1RK1 b kq - 0 12,12,300+0
1499,1473,26,1486.0,0.0,r2qk2r/pp2nppp/1np1p3/3pP3/3P2b1/P1PB1N1P/P4PP1/R1BQK2R b KQkq - 0 9,9,300+0
725,669,56,697.0,0.0,rn2kbnr/pppq1pp1/3p3p/1P2p1N1/4P3/8/PP1P1PPP/RNBQK2R w KQkq - 0 8,8,300+0
1021,970,51,995.5,0.0,r1b4N/2qkn2Q/p2bp3/3p2P1/1p1P4/3BP3/PPP3PP/R4RK1 w - - 1 18,18,300+0
1851,1800,51,1825.5,1.0,4r2r/1p4pp/2k2p2/1p3n2/1PPP4/P2K4/5BPP/R6R w - - 0 25,25,300+0
1390,1317,73,1353.5,1.0,8/1p2Rpk1/p6p/6pP/6P1/1P3K2/P2rB3/2r1q3 b - - 5 41,41,300+0
2008,1992,16,2000.0,1.0,5b2/6pp/p1k5/8/5NP1/2P5/P5KP/8 b - - 4 32,32,300+0
1554,1550,4,1552.0,1.0,r2qk2r/3bbppp/p1n1pn2/1p1p4/2pP4/P1P1PN2/1PBNQPPP/R1BR2K1 w kq - 1 12,12,300+0
935,928,7,931.5,1.0,rnbqkb1r/pppp1ppp/5n2/8/3P4/2P5/PP3PPP/RNBQKBNR b KQkq - 0 4,4,300+0
1638,1633,5,1635.5,1.0,3r1rk1/1bqnbppp/p7/2pp1N2/8/1P2P3/PB2BPPP/R2Q1RK1 b - - 1 17,17,300+0
1441,1426,15,1433.5,0.0,6k1/pp1r1ppp/2n5/2Pn4/8/P3P2P/2P1bP2/R3KB1q w Q - 0 20,20,300+0
1251,1250,1,1250.5,0.0,r1bk3q/ppppb2p/5n2/6BQ/4P3/2NP4/PP3PPP/n2K1R2 w - - 4 14,14,300+0
1766,1749,17,1757.5,0.0,8/3b4/1p1p4/1P1Pp3/P3P2p/2p1k2P/2B3K1/8 w - - 0 45,45,300+0
1667,1646,21,1656.5,1.0,r1b1kbnr/ppp2ppp/2n5/3qp3/8/1PP2N2/P2P1PPP/RNBQKB1R b KQkq - 0 5,5,600+5
1753,1685,68,1719.0,1.0,rnbqkbnr/ppp2ppp/4p3/3p4/3PP3/8/PPPN1PPP/R1BQKBNR b KQkq - 1 3,3,600+5
1395,1369,26,1382.0,1.0,r1bqk2r/pppp1ppp/2n2n2/8/4P3/3B4/PPPN1PPP/R2QK1NR b KQkq - 0 7,7,600+5
2135,2015,120,2075.0,1.0,r1bqk2r/pp1n1ppp/2pbpn2/6N1/2BP4/8/PPP1NPPP/R1BQK2R w KQkq - 2 8,8,600+5
1644,1617,27,1630.5,0.0,r1bqk1nr/ppppbppp/2n5/4p3/2B1P3/2P2N2/PP1P1PPP/RNBQK2R b KQkq - 0 4,4,600+5
1068,1040,28,1054.0,1.0,6k1/8/3nN1p1/ppR4p/8/2P2P2/PP3P1P/6K1 b - - 3 31,31,600+5
784,764,20,774.0,0.0,r5k1/p2p1ppp/1r1P1n2/Q2P4/6P1/2PqNP2/PP5P/RNK1R3 b - - 4 24,24,600+5
2279,2175,104,2227.0,1.0,r6k/1p1q4/4pP1p/3pP1r1/P1pP4/2P4R/2Q2P1P/3B1K2 b - - 4 33,33,300+0
1843,1812,31,1827.5,1.0,r1bqkb1r/pp1n1pp1/2pp1n1p/4pN2/4P3/2PB1Q1P/PP1P1PP1/RNB1K2R w KQkq - 6 9,9,300+5
2071,1949,122,2010.0,1.0,rn1qk1nr/pbppppbp/1p4p1/8/3PP3/2PB1P2/PP4PP/RNBQK1NR b KQkq - 0 5,5,300+5
1123,1022,101,1072.5,0.0,rn2k2r/1ppbbp1p/p3p1pq/3pNP2/3PP3/1PN3PB/P1PB3P/R3K2R b KQkq - 0 15,15,600+0
1181,1160,21,1170.5,0.0,1rbr2k1/2p2pp1/2B4p/2B1p3/N1P2q1P/1P3N2/5PP1/R4QK1 b - - 2 26,26,600+0
1942,1902,40,1922.0,0.0,r1b1qr1k/ppp5/3p2pp/4bp1n/2B5/P1NQP2P/1PP2PPB/2KR3R w - - 0 16,16,600+0
1330,1323,7,1326.5,0.0,r1bqk2r/pppp1ppp/5nn1/8/1b1NP3/P1N3B1/1PP2PPP/R2QKB1R b KQkq - 0 8,8,600+0
1486,1416,70,1451.0,1.0,rnbqkbnr/ppp1pppp/8/3p4/4P3/5N2/PPPP1PPP/RNBQKB1R b KQkq - 1 2,2,300+3
1413,1410,3,1411.5,0.0,2krn1r1/1pp2pp1/p1q1p1p1/2P5/1Q1P2P1/4PP1P/PB3K2/R6R w - - 1 20,20,300+3
1322,1040,282,1181.0,1.0,r3kbnr/ppp1pppp/2nq4/1B1p4/3P2b1/4PN2/PPP2PPP/RNBQK2R w KQkq - 5 5,5,300+3
1280,1180,100,1230.0,1.0,rn3rk1/1b1qBpbp/1p2p1p1/p1p5/2PPN3/6P1/PP2NPBP/R2Q1RK1 b - - 0 14,14,300+3
1755,1672,83,1713.5,1.0,rnq1k2r/ppp2ppp/3bpn2/3p1b2/3P1B2/1QP1PN2/PP3PPP/RN2KB1R w KQkq - 3 7,7,300+3
1391,1306,85,1348.5,0.0,r2q1rk1/1ppn1pp1/p1n1p2p/8/4pP2/P1P1P2P/1PQ1B1PB/R4RK1 b - - 2 16,16,300+3
1815,1787,28,1801.0,1.0,r1bqkbnr/pp3ppp/2npp3/8/2BpP3/2P2N2/PP3PPP/RNBQK2R w KQkq - 0 6,6,300+3
1605,1545,60,1575.0,1.0,rnbqkbnr/ppp1pppp/8/3P4/8/8/PPPP1PPP/RNBQKBNR b KQkq - 0 2,2,300+3
1189,1103,86,1146.0,0.5,r1bq1rk1/ppp2ppp/2np1n2/2b1p3/2B1P3/2NP1N2/PPP2PPP/R1BQ1RK1 w - - 0 7,7,600+0
814,801,13,807.5,0.5,8/pR3kpp/2p5/8/5p2/7r/P1P1K3/8 b - - 3 29,29,600+0
2039,1959,80,1999.0,0.0,rn1q1rk1/p1pp2pp/1p2pn2/8/3P4/2BQ1N2/PPP3PP/2KR3R w - - 3 12,12,600+0
2098,2071,27,2084.5,0.0,r2q1rk1/pbpnppbp/1p1p1np1/8/3P1B2/4PB2/PPPN1PPP/R2QNRK1 b - - 3 9,9,600+0
1754,1665,89,1709.5,0.0,rnbqk2r/ppp1npb1/3pp1pp/8/3PP3/2N1BN1P/PPPQ1PP1/R3KB1R b KQkq - 0 7,7,600+0
1825,1761,64,1793.0,0.0,6k1/6p1/1npb1p1p/1p1p4/3P1qP1/1PP2N1P/1r1NRPK1/3Q4 b - - 1 26,26,600+0
1651,1602,49,1626.5,1.0,r1bqkbnr/ppp1pppp/2n5/8/2pP4/2N5/PP2PPPP/R1BQKBNR w KQkq - 2 4,4,600+0
1495,1293,202,1394.0,1.0,rnbqkbnr/pppp1ppp/8/4p3/4P3/8/PPPP1PPP/RNBQKBNR w KQkq - 0 2,2,600+0
1098,1068,30,1083.0,1.0,r1bqkbnr/pppp1ppp/2n5/4p3/4P3/5N2/PPPP1PPP/RNBQKB1R w KQkq - 2 3,3,600+0
1515,1377,138,1446.0,1.0,r1b1k1r1/2q4p/p1pp1Qp1/2p5/P3P3/1P1P3P/2P1KPP1/7R w q - 1 21,21,300+2
1252,997,255,1124.5,0.0,r1bqkbnr/ppp1pppp/2n5/3p4/3P4/5N2/PPP1PPPP/RNBQKB1R w KQkq - 2 3,3,300+2
2372,2022,350,2197.0,1.0,r1bq1rk1/1pp1bppp/4p3/p2n4/P5P1/1P6/1BPP1PQP/2KR1BNR w - - 3 12,12,360+0
1562,1555,7,1558.5,0.0,r2qkb1r/pp3ppp/2n2n2/1B1p4/Q4Pb1/5N2/PP4PP/RNB2RK1 b kq - 3 11,11,600+0
1653,1651,2,1652.0,1.0,5Q2/6p1/7k/7p/7P/5RPK/2P5/3r4 b - - 5 38,38,600+0
1587,1581,6,1584.0,1.0,8/p4pkp/5pp1/1p6/3n4/2Q3PP/PP2qP2/3K4 w - - 8 40,40,600+0
1296,1227,69,1261.5,0.0,r1bqkb1r/pppp1ppp/2n2n2/1B2p3/4P3/5N2/PPPP1PPP/RNBQK2R w KQkq - 4 4,4,600+0
2234,2136,98,2185.0,1.0,4r3/1p1Rr1kp/2p3p1/p4n2/P3pq2/2N4P/1PP2Q2/3R3K b - - 3 31,31,600+0
1628,1617,11,1622.5,0.0,rn1qkb1r/ppp1pppp/1n1p4/4P3/2PP2b1/2N2N2/PP3PPP/R1BQKB1R b KQkq - 3 6,6,600+0
1968,1927,41,1947.5,0.0,5rk1/p1R3p1/1p1p3p/8/1P2Pp2/3n4/5PPP/5K1R b - - 0 24,24,600+0
1887,1838,49,1862.5,0.0,2r2rk1/3bn1p1/p3pq1p/np1p4/3P3N/P1PQB1P1/5P1P/RB3RK1 w - - 2 21,21,600+0
1803,1764,39,1783.5,1.0,3r1k2/pp3p1R/4p3/4Pn2/1P3r2/P7/8/1KR5 b - - 2 33,33,600+0
1378,1370,8,1374.0,1.0,rnbqkbnr/pp1ppppp/8/2p5/8/5N2/PPPPPPPP/RNBQKB1R w KQkq - 0 2,2,600+0
2554,2519,35,2536.5,1.0,1rr4k/4qppp/R3pn2/8/1Pp5/2N5/1PP1QPPP/5RK1 b - - 0 23,23,600+0
1768,1745,23,1756.5,1.0,q7/p4k1Q/2R5/1P2P3/6Pp/P2r3P/8/6K1 b - - 1 37,37,300+0
1844,1784,60,1814.0,1.0,3r2k1/5pp1/7p/2QP4/2P5/5q1P/5P1K/2B3r1 w - - 0 35,35,300+0
1759,1721,38,1740.0,1.0,r3k2r/ppp2ppp/3p1n2/4p3/4P2q/P2PBQ1P/NPP3P1/R4K1R b kq - 2 14,14,480+0
1880,1826,54,1853.0,1.0,r2q2k1/ppp4p/2n3p1/8/3PQ3/B1P3P1/P6P/5RK1 b - - 0 20,20,300+0
2159,2075,84,2117.0,0.5,rn1qkb1r/1p2ppp1/2pp1n1p/8/p2P1Bb1/P1PBP3/1P1N1PPP/R2QK1NR w KQkq - 1 8,8,600+0
1173,1159,14,1166.0,0.0,7r/p1p4p/1p5p/3r1k2/2P1R3/5P2/PP6/5RK1 b - - 0 37,37,600+0
996,876,120,936.0,0.0,r2q1rk1/1ppb1pp1/2nbpn1p/1B1p4/p2P4/P1N1PPB1/1PP1Q1PP/2KR2NR w - - 0 12,12,600+0
1644,1533,111,1588.5,0.0,2kr3r/pp1b2p1/1q1bppp1/3p4/P2P4/1PP3B1/5PPP/RN1Q1RK1 w - - 1 16,16,600+0
1412,1373,39,1392.5,0.0,r1bqk1r1/ppp2p2/3bpn1Q/3p4/3n4/P1N4P/1PP1PPP1/R1B1KBNR w KQq - 0 9,9,600+0
1354,1341,13,1347.5,1.0,r2qk2r/pppn1p2/2n1p1p1/3p2Pp/1b1P1B1P/2NQPP2/PPP5/2KR2NR w kq - 0 12,12,600+0
1228,1206,22,1217.0,0.0,r1b1rk2/ppp2p1Q/n2p3p/b3P3/3P1N2/2PB2P1/PP5P/RN2K2R w KQ - 1 15,15,600+0
1083,1020,63,1051.5,0.0,N4knQ/7p/3b4/3p4/3Pb3/4BPPq/PPP4P/R4RK1 b - - 0 22,22,600+0
826,735,91,780.5,0.0,r3k1nr/pppq2pp/2np1p2/2bNp3/2B1P1b1/3P1N2/PPPB1PPP/R2Q1RK1 w kq - 7 9,9,600+0
1933,1929,4,1931.0,0.0,r1b1k1nr/ppp2ppp/4q3/2b1n3/8/2N2N2/PPPPB1PP/R1BQK2R w KQkq - 0 8,8,600+0
1703,1656,47,1679.5,1.0,rn2kb1r/ppp1pppp/5n2/q4b2/2B5/2N2N2/PPPP1PPP/R1BQK2R w KQkq - 6 6,6,600+0
1226,1199,27,1212.5,0.0,r1bqkbnr/pppp1ppp/2n5/4p3/4P3/5N2/PPPP1PPP/RNBQKB1R w KQkq - 2 3,3,300+0
1280,1256,24,1268.0,1.0,8/8/8/3Qk3/2K5/8/8/8 b - - 8 69,69,300+0
2130,2102,28,2116.0,0.5,rn1qkb1r/ppp2ppp/4pn2/3p1b2/2PP1B2/4P3/PP3PPP/RN1QKBNR w KQkq - 0 5,5,300+0
1020,943,77,981.5,1.0,rnbqkbnr/ppp1pppp/8/3p4/2PP4/8/PP2PPPP/RNBQKBNR b KQkq - 0 2,2,300+0
1589,1513,76,1551.0,1.0,3k4/pp4Bp/2p3p1/3n1p2/2qQpP2/2N4P/PPP2P2/2K5 w - - 2 26,26,300+0
2072,1925,147,1998.5,1.0,r5k1/5pp1/2n4p/2Np4/r1qP4/p1P2P2/3Q2PP/R4RK1 b - - 7 35,35,300+0
1056,1029,27,1042.5,1.0,8/p4kpp/2R5/8/1P6/6P1/5KP1/r7 b - - 2 36,36,300+0
1912,1882,30,1897.0,0.0,r1bqkbnr/pp1ppppp/2n5/2p5/7P/1P6/PBPPPPP1/RN1QKBNR b KQkq - 0 3,3,300+0
1684,1605,79,1644.5,0.0,rnb1k1nr/4qpp1/2pp3p/1p2p3/p3P3/P1NPPN1P/BPP3P1/R2Q1RK1 b kq - 1 12,12,300+0
1730,1689,41,1709.5,1.0,4R3/8/8/p7/1p1k1p2/1P2b2P/6P1/4R2K w - - 4 41,41,300+0
1459,1399,60,1429.0,1.0,rnbq1rk1/ppp3bR/4p1p1/5nN1/3p2Q1/8/PPP2PP1/RNB1KB2 w Q - 1 11,11,300+0
826,817,9,821.5,0.0,rnbqk2r/pppp1pbp/4pnp1/4P3/3P4/2N2N2/PPP2PPP/R1BQKB1R b KQkq - 0 5,5,300+0
1313,1279,34,1296.0,1.0,rnbqr1k1/pppp1ppp/5n2/2b1P1N1/3p4/3B4/PPP2PPP/RNBQ1RK1 b - - 2 7,7,300+0
1710,1691,19,1700.5,0.0,5rk1/3Qnpbp/2pNp1p1/4P3/3P4/5PBP/5P2/4q1K1 w - - 0 25,25,300+0
1690,1633,57,1661.5,1.0,rn1qkbnr/ppp2ppp/4p1b1/3p4/3P1B2/2PBP3/PP3PPP/RN1QK1NR b KQkq - 0 5,5,300+0
1309,1261,48,1285.0,0.0,r1bqkbnr/ppp2ppp/2np4/4p3/4PP2/5N2/PPPPB1PP/RNBQK2R b KQkq - 1 4,4,300+0
691,614,77,652.5,1.0,rnbqkbnr/ppp1pppp/8/3p4/8/8/PPPPPPPP/RNBQKBNR b KQkq - 1 2,2,300+0
1151,1142,9,1146.5,0.0,5rk1/1b3ppp/pb2p3/8/6n1/2NP1NB1/PP3PPP/4R1K1 b - - 0 21,21,300+0
1800,1720,80,1760.0,0.0,r1b3kr/pp4p1/2n1p1p1/3pPq2/5P1p/4B1PN/PP6/R3RQK1 w - - 0 21,21,300+0
1258,1245,13,1251.5,1.0,r4rk1/ppp1bppp/5n2/4N2b/3B4/3B1P2/PPP3PP/R3K2R b KQ - 0 13,13,300+0
1335,1270,65,1302.5,1.0,r1bqk2r/pppp2pp/5n2/4p3/2BNP3/3P4/PPPN2PP/R2QK2R b KQkq - 0 9,9,300+0
2048,1963,85,2005.5,1.0,rnbqkb1r/pppp1ppp/5n2/8/2PQ4/2N5/PP2PPPP/R1B1KBNR b KQkq - 0 4,4,300+0
1485,1452,33,1468.5,0.0,2n3rr/pkpq4/1p1b1p1p/1P1pP3/P1n5/2P2NP1/N2BQP1P/R4RK1 b - - 0 22,22,300+0
1934,1900,34,1917.0,1.0,8/8/3PK3/k2rP3/pp6/8/8/1R6 b - - 2 59,59,300+0
1707,1357,350,1532.0,0.0,rnbqkbnr/pp1ppppp/8/2p5/4P3/8/PPPP1PPP/RNBQKBNR w KQkq - 0 2,2,300+0
1667,1663,4,1665.0,0.0,8/8/K2kp3/5p2/1r6/1P5R/8/8 b - - 4 39,39,300+0
1632,1582,50,1607.0,1.0,8/7p/5k2/1p1n2p1/3P4/P6P/6P1/4R1K1 w - - 1 32,32,300+0
2070,2055,15,2062.5,1.0,r4rk1/pp3p2/2pbpn1p/q7/3P3Q/2P2N2/PP3PPP/R3R1K1 w - - 0 18,18,300+0
1375,1323,52,1349.0,0.0,r5kr/pp3ppp/5n2/8/P4P2/5P2/1P1B3P/R4K1R b - - 2 25,25,720+0
1334,1277,57,1305.5,1.0,2k3r1/2p1qp2/3p4/p3p3/Pp2P1n1/1P1PBQP1/2P2P2/R3K3 w Q - 1 22,22,600+0
1669,1653,16,1661.0,1.0,rnbq1rk1/ppp2ppp/3p1n2/2b1p3/2B1P3/2PP1N2/PP3PPP/RNBQ1RK1 b - - 0 6,6,600+0
2205,2181,24,2193.0,1.0,2kr4/pp2rR2/4q3/2bp4/Q7/P3p1P1/2P4P/5R1K w - - 3 36,36,600+0
853,813,40,833.0,1.0,rnbqk1nr/ppp2ppp/1b6/3pP3/PP6/2P1P3/5PPP/RNBQKBNR b KQkq - 0 6,6,600+0
1769,1716,53,1742.5,0.5,5rk1/3n2bp/1p4p1/p1pnp1N1/P5P1/3P3P/1PP1N3/R1B3K1 w - - 0 22,22,600+0
1554,1528,26,1541.0,0.0,r5k1/2p2p2/1pp2qp1/1b6/2N1R3/1Q6/5PP1/3R2K1 w - - 0 30,30,600+0
1199,1126,73,1162.5,1.0,5rk1/pp3ppp/3p1q2/3P1b2/8/3BP3/P2Q2PP/5RK1 b - - 0 18,18,600+0
1380,1373,7,1376.5,0.0,2kr4/pp6/2pp2pp/6b1/PPPpP3/3B4/2KP1q2/5NRR w - - 4 32,32,600+0
1827,1784,43,1805.5,0.5,r6r/p1Q1kppp/4pn2/6q1/3PP3/5P2/PP3P1P/R3K2R b KQ - 0 15,15,600+0
1622,1565,57,1593.5,1.0,r2q1rk1/pb1nnpbp/1p1pp1p1/8/2NPP3/P3B1N1/BP3PPP/2RQ1RK1 b - - 4 14,14,600+0
1090,1037,53,1063.5,1.0,rnb1kbnr/ppp1pppp/8/3q4/8/8/PPPP1PPP/RNBQKBNR w KQkq - 0 3,3,600+0
1102,1027,75,1064.5,1.0,rnbqkbnr/pp1ppppp/8/8/2PQ4/8/PP2PPPP/RNB1KBNR b KQkq - 0 3,3,600+0
1231,1218,13,1224.5,0.0,r1b1k2r/3p1p2/pp1bp2p/2p5/2BnP3/P1NP3P/1PP2RP1/RN4K1 w kq - 3 18,18,300+3
1327,1284,43,1305.5,1.0,r2q3r/pp1npkbp/2p2np1/5p2/PPPP4/3B4/4N1PP/R1BQ1RK1 w - - 0 14,14,300+3
1492,1431,61,1461.5,1.0,3q1k1r/p5p1/1r1bQ2p/2p1P3/8/2P2N2/P4PPP/R1B2RK1 w - - 0 25,25,300+3
1342,1328,14,1335.0,1.0,rnbqkbnr/ppp1pppp/8/3p4/4P3/8/PPPP1PPP/RNBQKBNR w KQkq - 0 2,2,300+3
1591,1547,44,1569.0,1.0,rnb1k1nr/q4ppp/p1pp4/1p2N3/N3P3/P1P5/1P2KbPP/R1BQ1B1R b kq - 0 11,11,300+3
1521,1503,18,1512.0,0.0,rnbqkbnr/pppp1ppp/8/4p3/4P3/8/PPPP1PPP/RNBQKBNR w KQkq - 0 2,2,300+3
1877,1861,16,1869.0,0.0,r1q2rk1/pp1n1pp1/2pp2bp/6P1/2BPnB1P/1Q3N2/PPP1R3/2K4R b - - 0 19,19,300+3
1780,1642,138,1711.0,1.0,r1bqk2r/pp2bppp/2n1p3/3pP3/3N3P/P1NB4/1P3PP1/R1BQK2R b KQkq - 0 11,11,300+3
1833,1702,131,1767.5,0.0,6k1/pp2qpp1/3p3p/3P4/1P6/P2Q2P1/4rP1P/3R2K1 w - - 10 33,33,300+3
1093,942,151,1017.5,0.0,r3r1k1/n2qbpp1/1P5p/2Pp4/p2PpP2/4Q1P1/1P2B2P/2KN2NR b - - 0 24,24,300+3
1998,1990,8,1994.0,0.0,r2qkb1r/pp1n1pp1/2n1p2p/2ppP3/3P1P2/1P1QB3/P1PNN1PP/R4RK1 b kq - 3 11,11,480+0
2050,2011,39,2030.5,1.0,7k/pp6/2p5/3p4/3P4/8/PP1K2P1/5B2 w - - 0 27,27,300+0
1960,1931,29,1945.5,0.0,rn1qkb1r/pp3ppp/2p1pB2/8/2PPP1b1/2N5/PP4PP/R2QKBNR b KQkq - 0 8,8,300+0
1859,1761,98,1810.0,1.0,r1bqkbnr/pp1ppppp/2n5/8/3pP3/5N2/PPP2PPP/RNBQKB1R w KQkq - 2 4,4,900+10
1527,1525,2,1526.0,1.0,r1bq1rk1/ppp1bppp/2n5/1B1p4/2PPn3/5N2/PP3PPP/RNBQK2R w KQ - 1 9,9,900+10
1190,1129,61,1159.5,1.0,8/6K1/8/8/2p5/3k4/8/8 b - - 0 61,61,900+10
1199,1075,124,1137.0,1.0,8/pp6/8/5Q1p/1P1k1K2/P7/3rq1PP/2RR4 w - - 10 35,35,600+0
1792,1680,112,1736.0,1.0,6k1/6pp/3p4/p7/b1PP4/8/4r1PP/1R4K1 w - - 0 28,28,480+0
1202,1156,46,1179.0,0.0,r1bqk2r/pppp1ppp/2n2n2/4p3/1bB1P3/2N2N2/PPPP1PPP/R1BQ1RK1 b kq - 7 5,5,600+0
1818,1812,6,1815.0,1.0,rnbqkbnr/ppp1pppp/8/8/2pP4/4P3/PP3PPP/RNBQKBNR b KQkq - 0 3,3,600+0
927,926,1,926.5,1.0,r1b1k2r/p1pp1ppp/5n2/qB2p3/4P3/B2Q4/P2P1PPP/RN2K2R b KQkq - 0 13,13,600+0
1526,1497,29,1511.5,1.0,r1bqkb1r/pppp1pp1/2n2n1p/4p3/2B1P3/2N2N2/PPPP1PPP/R1BQK2R w KQkq - 0 5,5,600+0
962,945,17,953.5,1.0,rnbqkb1r/ppp2ppp/3p4/4p3/2B1n3/P4N1P/1PPP1PP1/RNBQK2R b KQkq - 0 5,5,600+0
1383,1322,61,1352.5,1.0,r4rk1/1bp2pbp/1pn3p1/p3P3/P7/1NP1BN2/1P3PPP/3RK2R b K - 0 15,15,600+0
1551,1541,10,1546.0,0.0,r5k1/pr4p1/4p2p/1P2N3/8/2R4P/6PK/2n5 b - - 1 42,42,600+0
1274,1228,46,1251.0,1.0,8/p4k1p/2p2p2/1p1pr3/1P6/P3qP2/6PQ/5R1K b - - 4 35,35,600+0
1881,1861,20,1871.0,0.0,2b1kn1r/1q2bpp1/3p4/2pPp1Pp/2Q4P/pP2BN2/P1P2P2/2KR3R w k - 1 21,21,600+0
1608,1559,49,1583.5,1.0,rn1qk1nr/pp3ppp/2p1b3/2bpP3/2P5/8/PP3PPP/RNBQKBNR w KQkq - 1 7,7,600+0
2090,1995,95,2042.5,0.0,r2qk2r/1pp1bppp/p1np1n2/8/B2PP1b1/5N2/PP3PPP/RNBQR1K1 b kq - 0 9,9,300+3
1500,1443,57,1471.5,1.0,rn2k1nr/p1pp1ppp/1p6/2b1p3/2q5/2N1P1P1/PP1P1PNP/R1BQ1RK1 b kq - 1 9,9,900+15
1698,1564,134,1631.0,0.0,7r/8/2rkp3/pR1p4/8/6Pp/P4R1K/8 b - - 13 36,36,300+3
2067,1945,122,2006.0,1.0,r1b2rk1/1pp3pp/2np1b2/p1P2p1q/P2Pp3/BPQ1PNP1/5PBP/R2R2K1 w - - 0 16,16,5400+30
1512,1425,87,1468.5,0.0,4k2r/3b2pp/p7/1p6/P3P3/2rP4/5PPP/R4RK1 b k - 1 21,21,1500+0
1185,1123,62,1154.0,0.0,r1bqkb1r/ppp2ppp/5n2/3pn3/4P3/3P4/PPP1BPPP/RNBQK2R w KQkq - 0 6,6,600+0
1282,1243,39,1262.5,0.0,rnbqkbnr/ppp1pppp/8/3pP3/8/8/PPPP1PPP/RNBQKBNR b KQkq - 0 2,2,600+0
1528,1339,189,1433.5,1.0,r1b1k2N/ppppq1pp/2n5/2b1p3/2B1n3/8/PPPP1PPP/RNBQ1RK1 b q - 1 7,7,600+0
1261,661,600,961.0,1.0,3k1b1r/1B2q1p1/1p1p3p/p1p1pQ2/4P3/3P3P/PPP2PP1/R3K2R w KQ - 0 19,19,600+0
1134,1073,61,1103.5,1.0,8/3r2kp/p1p2Np1/P3P3/3P1PRP/2Bn3K/8/8 b - - 6 39,39,300+0
1774,1670,104,1722.0,1.0,r1b2rnk/5p2/p3pqpp/1pNp4/6P1/1B1R1N1Q/PP2nP1P/5R1K b - - 3 26,26,300+3
1634,1562,72,1598.0,1.0,rnbq1rk1/ppp2ppp/3bp3/3pN3/3PnB2/2P1P3/PP1N1PPP/R2QKB1R b KQ - 2 7,7,300+3
1525,1523,2,1524.0,0.0,rnbq1rk1/4bppp/p1p5/3Pp3/1pB1P3/1P3N1P/P4PP1/R1BQK2R w KQ - 0 12,12,300+3
1350,1327,23,1338.5,0.0,r3k2r/ppp1n3/3pP1pp/4pn2/8/3B4/PPP2PPP/RN3RK1 w kq - 1 16,16,300+3
1665,1655,10,1660.0,0.0,r1bq1rk1/pp2ppbp/2p2np1/3pN3/3PnP2/2PBP3/PP1N2PP/R1BQ1RK1 w - - 5 10,10,300+3
1225,1198,27,1211.5,0.0,rnbqkb1r/ppp1pppp/5n2/3p4/3P4/4P2P/PPP2PP1/RNBQKBNR b KQkq - 0 3,3,300+3
1425,1360,65,1392.5,1.0,rnbqkbnr/ppp1pppp/8/3p4/6P1/8/PPPPPP1P/RNBQKBNR w KQkq - 0 2,2,300+3
1173,1101,72,1137.0,1.0,8/p1R2p1p/1p2p3/r2k4/1K3P2/1P6/7P/8 b - - 7 31,31,300+3
1622,1589,33,1605.5,1.0,2r5/pk6/1p1p1p1p/5b2/8/PR3P1P/1P3r2/K3R3 w - - 0 35,35,300+3
1481,1443,38,1462.0,0.0,r2q1rk1/pp3p1p/3b1p2/1Bp1p3/3nP1b1/3PNN2/PPP3PP/R2Q1RK1 b - - 1 12,12,300+3
648,576,72,612.0,1.0,r6r/pN1k3p/2pp2p1/1p1p2p1/6n1/2P5/P4P1P/4R2K w - - 5 26,26,600+0
1246,1204,42,1225.0,1.0,r1b1r1k1/pppp1ppp/2n2q2/2b1p1B1/2B1P3/3P1N2/PPP2PPP/R2Q1RK1 b - - 2 9,9,600+0
2164,2118,46,2141.0,0.0,rnbqkbnr/pp2pppp/2p5/3p4/4P3/5N2/PPPP1PPP/RNBQKB1R w KQkq - 0 3,3,600+0
1077,1047,30,1062.0,1.0,2k1r3/pp2p2p/2p2bp1/2N5/P4P2/8/2P1K2P/1R6 b - - 4 23,23,600+0
1137,1097,40,1117.0,1.0,8/4kp2/4p3/p1P3NN/P3PP2/B7/7P/5K2 w - - 1 35,35,600+0
1687,1654,33,1670.5,1.0,6k1/1r4pb/p1nQ3p/1qN2P2/6P1/3p3P/PP6/KR5R b - - 2 34,34,600+0
1193,1144,49,1168.5,1.0,r1b2r1k/ppp3pp/2n1ppn1/2Q4N/2P5/3B1N2/P2R1PPP/2q1K2R w K - 2 17,17,600+0
1596,1538,58,1567.0,1.0,r3k1nr/pp1npp1p/3p2p1/q1pP1P2/4P3/1R2B3/P1P1B1PP/3Q1RK1 w kq - 2 16,16,600+0
1866,1864,2,1865.0,0.0,r1bq1rk1/bppp2pp/5n2/p2Pnp2/P1PNp3/2N1P1P1/1P3PBP/R1BQ1RK1 b - - 2 11,11,600+0
2066,2027,39,2046.5,1.0,rnbqkb1r/pppppppp/5n2/8/4P3/8/PPPP1PPP/RNBQKBNR w KQkq - 1 2,2,600+0
1444,1398,46,1421.0,0.0,rnb2rk1/ppp2ppp/8/2q5/8/3B1N2/PPPP1KPP/R1BQ3R w - - 4 10,10,600+0
1910,1887,23,1898.5,0.0,r1b1k2r/ppq1bppp/2n1p3/4P3/2B5/2P2N2/P4PPP/R1BQ1RK1 w kq - 1 12,12,600+0
1483,1479,4,1481.0,0.5,rn1q1rk1/pb2p1bp/1p1pP1p1/3n1pB1/P7/2N2N2/1PP2PPP/R2QR1K1 w - - 0 14,14,600+0
1768,1756,12,1762.0,1.0,r1bqk2r/pp3ppp/n1p1pn2/3p4/3P1B2/b3P3/PPP2PPP/R2QKBNR w KQkq - 0 7,7,1800+5
1636,1275,361,1455.5,1.0,r3q1k1/5pp1/p2p4/1p1n2p1/2p5/2P4Q/PPB2PPP/R5K1 w - - 0 22,22,300+0
1733,1728,5,1730.5,1.0,r2q2k1/3nrp1p/pp2p1p1/6P1/3PB3/1PP5/P1Q2PP1/2KR3R b - - 0 20,20,300+0
2230,2179,51,2204.5,0.5,r1b1r1k1/1p2q1pp/8/p2pP3/3N4/P4Q1P/1P4P1/2R1R1K1 b - - 0 25,25,300+0
1860,1801,59,1830.5,1.0,3qr1k1/3p1p1p/4pbpB/p7/P1Q5/7P/4PPB1/1R4K1 b - - 0 23,23,300+0
1774,1754,20,1764.0,0.0,3k4/pb1n1ppp/1p6/2pP1B2/2P3P1/P5N1/3B1KPq/4R3 w - - 1 25,25,300+0
1578,1511,67,1544.5,1.0,3r1k1r/ppp2p2/5N1p/2b3p1/4N3/2Pb1P2/PP4PP/R1B1R2K b - - 4 17,17,300+0
1504,1284,220,1394.0,0.0,2r2r2/p4pk1/1p1p2pp/2pPp3/4n3/5NP1/P1R2PK1/2R5 w - c6 0 31,31,300+0
1320,1265,55,1292.5,0.0,8/ppp3p1/2n1bk1p/3r4/2B5/P1P2N2/2P3PP/5RK1 b - - 3 18,18,300+5
1364,1336,28,1350.0,1.0,r1bqk2r/pppp1pp1/2n4p/2b1p3/2B1P1n1/2PP1N2/PP3PPP/RNBQ1RK1 w kq - 4 7,7,300+0
1779,1778,1,1778.5,0.0,1R6/4r1pk/1P5p/8/8/7P/5K2/1r6 w - - 1 43,43,300+0
1842,1837,5,1839.5,1.0,4r1k1/p4p2/4r2p/1p6/2ppPRP1/6KP/P1P5/4R3 b - - 1 31,31,300+0
927,879,48,903.0,1.0,r1q2rk1/pbp1bp1p/1p1p1np1/6N1/4PB2/2PR4/PP1N1PPP/R2Q2K1 b - - 0 14,14,300+0
1678,1644,34,1661.0,1.0,8/3P4/6k1/3B1R2/4P1P1/r7/6K1/8 b - - 0 52,52,300+0
1291,1187,104,1239.0,1.0,2kr4/pppq4/4p1pp/2b1n3/4N3/2P5/PPQ1PPPP/2K2B1R w - - 0 18,18,300+0
1078,1055,23,1066.5,1.0,8/NR6/r7/4kp2/8/4P3/8/6K1 b - - 0 32,32,300+0
1568,1541,27,1554.5,0.0,4r1k1/5pp1/2p1n2p/4P3/3B4/6PP/6P1/4R1K1 w - - 1 31,31,300+0
1762,1736,26,1749.0,1.0,rnbqkbnr/pp1p1ppp/4p3/2p5/3PP3/5N2/PPP2PPP/RNBQKB1R b KQkq - 0 3,3,300+0
1697,1681,16,1689.0,1.0,rnbqkbnr/pp3ppp/8/2pp4/8/2NP1N2/PPP2PPP/R1BQKB1R b KQkq - 1 5,5,300+0
1978,1932,46,1955.0,1.0,r2q1rk1/1p3ppp/pbn1p3/3pPn2/1P6/P1P2N1P/4BPP1/R1BQ1RK1 b - - 2 13,13,300+0
1911,1895,16,1903.0,1.0,r5k1/pp3pp1/2nqr2p/3p1p2/3Pn3/P1PB1N2/1P3PPP/R2QR1K1 w - - 1 17,17,300+0
1620,1588,32,1604.0,1.0,r1bqk2r/1p3ppp/p1n1p3/4Pn2/1b1P4/2N1BN2/PP4PP/R2QKB1R w KQkq - 5 11,11,300+0
2130,2086,44,2108.0,1.0,r1b2rk1/ppp2ppp/3q1n2/2b5/2Bn4/5N2/PP3PPP/RNBQ1RK1 w - - 0 10,10,300+0
1880,1865,15,1872.5,1.0,1r3k2/R4p1p/7P/3pp3/1Pp2p1K/2PnR3/6P1/8 w - - 0 40,40,300+0
1720,1715,5,1717.5,0.0,r4k2/3q1pp1/3N1n1p/n1p1p3/1pPpP3/1P1P2P1/2Q1NPK1/2B2R2 b - - 0 23,23,300+0
1453,1402,51,1427.5,1.0,4r1k1/q4p1p/p3bp2/2Q5/3p4/P2B4/1P3PPP/2R3K1 w - - 0 25,25,300+0
1800,1798,2,1799.0,0.0,3r4/8/8/p7/2N5/kpp5/5R2/2K5 b - - 1 59,59,300+0
1131,1102,29,1116.5,0.0,r1b2rk1/ppp2ppp/1b1q1p2/8/1PBn4/P4P2/2P2P1P/R2QR1K1 w - - 3 16,16,600+0
1275,1274,1,1274.5,0.5,8/4b3/4pk2/4N1p1/r6p/3p3P/5PK1/8 w - - 1 43,43,600+0
1141,1069,72,1105.0,1.0,2b5/p1p4p/8/2PBNk2/7P/8/P1PR1n2/2K1R3 b - - 3 28,28,600+0
1467,1459,8,1463.0,0.0,r1b1kb1r/pp1p1ppp/1qn1p3/2n5/2B5/4Q3/PPPPNPPP/RNB2RK1 b kq - 8 10,10,600+0
1622,1539,83,1580.5,1.0,8/8/8/5p2/5k2/2p5/2K5/6r1 w - - 0 60,60,600+0
1208,1208,0,1208.0,0.0,rnbqk2r/ppp1bppp/4pn2/3p4/2PP4/2N1PN2/PP1B1PPP/R2QKB1R b KQkq - 4 6,6,600+0
1822,1820,2,1821.0,1.0,rnbqkbnr/ppp2ppp/4p3/3p4/2PP4/8/PP2PPPP/RNBQKBNR w KQkq - 0 3,3,600+0
1986,1978,8,1982.0,1.0,8/5pk1/1R2p1p1/3p1b2/4q3/8/3K2r1/8 w - - 4 58,58,600+0
1926,1910,16,1918.0,1.0,5rk1/6p1/p2q1p2/3npP2/3nQ3/2p4P/P1B2P2/R1B1K2R b KQ - 3 28,28,600+0
1198,1145,53,1171.5,0.0,1q6/3k4/P7/KP6/8/8/8/8 b - - 0 57,57,600+0
831,775,56,803.0,1.0,rn1qkbr1/ppp3pp/8/5b2/4p3/4P3/PPPPNPPP/RNB1K2R b KQq - 1 7,7,600+0
554,429,125,491.5,1.0,rnb1kbnr/pppp1ppp/6q1/4P3/8/2N1B3/PPP1PPPP/R2QKBNR w KQkq - 7 6,6,600+0
1574,1566,8,1570.0,1.0,4n3/1p2rkp1/1p3pn1/5R1Q/4q3/7P/6P1/5R1K w - - 0 39,39,300+3
1492,1449,43,1470.5,0.0,8/8/2PB4/8/5P2/8/4k2K/7Q w - - 1 62,62,300+3
1382,1351,31,1366.5,0.0,rnbqkb1r/ppp1pppp/5n2/3p4/3P4/6P1/PPP1PP1P/RNBQKBNR w KQkq - 1 3,3,300+3
1869,1823,46,1846.0,1.0,4R3/2N2ppk/7p/8/p7/6QP/1q1r1PP1/6K1 w - - 2 44,44,300+3
1715,1634,81,1674.5,0.0,r1bqkb1r/pp3ppp/2n1p3/4p3/2BP4/2P2N2/P4PPP/R1BQ1RK1 b kq - 1 10,10,300+3
1012,977,35,994.5,0.0,rnbqkb1r/pp2pppp/2p2n2/3p4/2PP4/2N2N2/PP2PPPP/R1BQKB1R b KQkq - 3 4,4,300+3
2138,2056,82,2097.0,0.0,r1bq1rk1/pp3ppp/5n2/3pb3/8/P1NBP2P/1PQ2PP1/R1B1K2R b KQ - 0 12,12,300+3
1256,1127,129,1191.5,0.5,r4rk1/6bp/bpp1q1p1/p2pPn2/3P1B2/1N3P2/PPPQ1P1P/2K1R1R1 b - - 3 20,20,300+3
1543,1483,60,1513.0,0.0,2k3r1/1ppq1pr1/2np3p/1B2p3/3bPp2/P2P1N2/2P2PN1/1R1QK1R1 b - - 0 22,22,300+3
1311,1278,33,1294.5,0.0,rnbqk1nr/pppp1ppp/8/2b1p3/4P3/5N2/PPPP1PPP/RNBQKB1R w KQkq - 2 3,3,300+3
1680,1667,13,1673.5,1.0,rn1r3k/pp4pp/2p3b1/2P1B3/NPB4b/P5P1/4K2P/R4R2 b - - 0 22,22,600+4
1696,1675,21,1685.5,1.0,2kr3r/ppp1bppp/4p3/2Pn4/3P4/6B1/PP2NPPP/3R1RK1 b - - 4 17,17,600+0
1687,1517,170,1602.0,1.0,r3r1k1/pp5p/2p3p1/5p2/4B1P1/1P6/P7/4R1K1 w - - 0 26,26,600+0
1465,1107,358,1286.0,1.0,rnbqkbnr/pp1ppppp/2p5/8/4P3/2N5/PPPP1PPP/R1BQKBNR b KQkq - 1 2,2,600+0
1815,1500,315,1657.5,1.0,r3kb1r/pp3ppp/2n5/2p1p2Q/2Pqn3/1P4Pb/P6P/RNB1KB1R b KQkq - 0 11,11,300+0
1268,1117,151,1192.5,1.0,rnbqkbnr/ppppp1pp/5p2/8/4P3/5N2/PPPP1PPP/RNBQKB1R b KQkq - 1 2,2,480+3
1100,961,139,1030.5,1.0,rn1qkb1r/pppbpppp/8/2NnP3/2Bp4/8/PPPP1PPP/R1BQK1NR b KQkq - 5 6,6,480+3
1356,1283,73,1319.5,1.0,1r3rk1/p4pp1/7p/3p1p1P/2p1q2R/6Q1/P5P1/5RK1 b - - 1 29,29,600+0
1750,1732,18,1741.0,1.0,r1b2r1k/1p1p2pp/p3p1n1/5pB1/PQ6/3B4/2PK1PPP/R7 b - - 2 18,18,600+0
1649,1548,101,1598.5,0.5,rn1qr3/ppp1kpbp/4b1p1/3p4/3P4/2P2NP1/PP2QPBP/RN2K2R b KQ - 2 10,10,600+0
2226,2223,3,2224.5,0.0,rnbqkbnr/pppp1ppp/8/4p3/4P3/5N2/PPPP1PPP/RNBQKB1R b KQkq - 1 2,2,600+0
1833,1773,60,1803.0,0.0,rn1qkbnr/pp2pppp/2p5/3P4/6b1/8/PP1PPPBP/RNBQK1NR b KQkq - 0 4,4,600+0
1414,1405,9,1409.5,1.0,r2k3r/ppp1pqb1/1n1p1p2/1N1P4/2P1P1Rp/1P3Q1P/P4P1B/R3K3 b Q - 0 22,22,600+0
1164,1129,35,1146.5,1.0,r3kb1N/pbppq1pp/1p6/6n1/3p4/1P3Q2/P1PPBPPP/RN2K2R b KQq - 2 11,11,600+0
1293,1243,50,1268.0,1.0,r2q1rk1/2p2ppp/ppn1pn2/3p4/3P1b2/2PQPNN1/PP3PPP/R4RK1 w - - 0 14,14,600+0
1700,1699,1,1699.5,1.0,1r3rk1/1pqbppb1/p2p2p1/2pP3n/2P5/3BPN1P/P2Q1PKB/1R2R3 w - - 2 22,22,600+0
1466,1425,41,1445.5,1.0,r1bqkb1r/1p1n1ppp/p3pn2/3p2B1/3P4/2N1PN2/PP3PPP/R2QKB1R w KQkq - 0 8,8,600+0
1744,1720,24,1732.0,1.0,2k5/pp3pp1/4p3/2Pp4/P2Q1P2/1PRN4/3r4/1K3q2 w - - 1 38,38,600+0
1749,1748,1,1748.5,1.0,r1b2b1r/1pk1qpp1/p1np1n1p/4p3/2B1P3/1Q2BN2/PP3PPP/R4RK1 b - - 1 13,13,300+0
1435,1410,25,1422.5,1.0,6Q1/2pk2p1/7p/2Prp1qn/1P2p3/8/P4PPP/R4RK1 w - - 0 33,33,300+0
1303,1244,59,1273.5,1.0,r1b4r/6b1/2n5/p1pNk2p/4P2P/8/PP4P1/3R2K1 w - - 4 29,29,300+0
1933,1901,32,1917.0,0.0,rnbqkbnr/pppp1ppp/4p3/8/3PP3/8/PPP2PPP/RNBQKBNR b KQkq - 0 2,2,300+0
2048,1980,68,2014.0,1.0,r1bqk1nr/pp1pppbp/2n3p1/8/3NP3/2N5/PPP2PPP/R1BQKB1R w KQkq - 3 6,6,900+3
2013,1946,67,1979.5,1.0,6rk/5prp/8/1B2p1q1/PPPb4/5Q2/5PP1/1R2R1K1 w - - 1 33,33,480+0
1353,1349,4,1351.0,0.5,r3k3/p3n1p1/nq1p2B1/2p1p3/1b6/1P2P3/1PQN3P/2KR3R b q - 1 23,23,300+0
1299,1248,51,1273.5,0.0,rnbqkbnr/pppp1ppp/4p3/8/3P4/5N2/PPP1PPPP/RNBQKB1R b KQkq - 1 2,2,300+0
1668,1664,4,1666.0,0.5,8/4b3/8/R4kP1/5P1K/1B2n3/8/8 b - - 0 43,43,300+0
1380,1367,13,1373.5,0.0,r1b2rk1/1pppqpp1/p6p/4p3/1nB1P3/3PPN1P/PPP3P1/R2Q1RK1 w - - 0 14,14,300+0
1410,1407,3,1408.5,0.0,1k1r1b1r/p1p3p1/4p2n/2ppP3/5PPp/7P/PPPB4/R1R3K1 b - - 0 23,23,300+0
1151,990,161,1070.5,0.0,rnb1kbnr/ppp1qppp/3p4/4P3/5p2/5N2/PPPP2PP/RNBQKB1R w KQkq - 0 5,5,300+0
1699,1677,22,1688.0,1.0,rnb4r/ppk1b3/2p1pn1p/5pp1/2P4B/P1N5/1P2PPPP/2R1KBNR w K - 0 11,11,300+0
1467,1451,16,1459.0,1.0,rnbqkbnr/pppp1ppp/8/4p3/4P3/5N2/PPPP1PPP/RNBQKB1R b KQkq - 1 2,2,300+0
1330,1322,8,1326.0,0.0,8/r4r2/n1p4R/5k2/p5R1/P2P1P2/3P1K1P/8 w - - 1 43,43,300+0
887,872,15,879.5,0.5,5B2/1R6/8/2P5/1P2k3/7K/P1r2p1P/5R2 w - - 1 37,37,300+0
1013,995,18,1004.0,1.0,r1b3k1/2pp1ppp/1p1n4/p3R1q1/6P1/2N5/PPP2QPP/1K3BNR b - - 0 15,15,300+0
1214,1188,26,1201.0,1.0,r1bqk2r/p1ppb1pp/1p3n2/8/2B2Q2/2N5/PPP2PPP/R1B1R1K1 b kq - 3 12,12,300+0
1922,1921,1,1921.5,1.0,6k1/3R2p1/p6p/8/8/6PP/Pbr2P2/6K1 w - - 0 34,34,300+0
1719,1717,2,1718.0,1.0,r3k1nr/ppp2ppp/8/3BP3/8/2P4P/P1n2PP1/R1B1K2R w KQkq - 1 15,15,300+0
1226,1223,3,1224.5,0.0,r1bqkb1r/pppp1ppp/1nn5/1B2P3/2P2P2/8/PP4PP/RNBQK1NR w KQkq - 1 8,8,300+0
1752,1558,194,1655.0,1.0,rnbqkbnr/pppp1ppp/8/4p3/4P3/5N2/PPPP1PPP/RNBQKB1R b KQkq - 1 2,2,900+0
780,705,75,742.5,0.5,4k2r/p1p2ppp/8/1pbP4/8/3P1B2/PP3PPP/2R1K3 b k - 1 18,18,600+0
2210,2168,42,2189.0,0.0,r2qkb1r/ppp1n2p/2np1pp1/4p3/2BPP1b1/2P1BN2/PP1N1PPP/R2QK2R w KQkq - 0 8,8,600+0
1333,1306,27,1319.5,1.0,rnbqkbnr/1ppppppp/8/p7/3PP3/8/PPP2PPP/RNBQKBNR b KQkq - 0 2,2,600+0
1986,1969,17,1977.5,1.0,7r/pbp3k1/1b1p4/5Qp1/2p5/2NB4/PPP3P1/R4K2 b - - 1 26,26,600+0
1671,1626,45,1648.5,0.0,1r3rk1/pp4pp/3b4/q1p5/3p3n/P2P3P/1PP2PP1/R1NQ1RK1 w - - 0 19,19,600+0
1794,1779,15,1786.5,0.0,2kr1b1r/pppb1ppp/2n5/2q5/Q1BNp3/2P5/PP1P1PPP/R1B2RK1 w - - 4 12,12,600+0
1968,1897,71,1932.5,1.0,rnbq1rk1/pp1pppbp/5np1/8/3PP3/2N1BP2/PP4PP/R2QKBNR b KQ - 2 7,7,600+0
1744,1686,58,1715.0,0.0,r1bqk1nr/pp1pppbp/2n3p1/2p5/2B1P3/2NP1N2/PPP2PPP/R1BQK2R b KQkq - 0 5,5,600+0
1281,1275,6,1278.0,1.0,r2qk2r/ppp2ppp/2nb1n2/3p4/3P4/P2Q1N1P/1PP2PP1/RNB2RK1 b kq - 0 9,9,600+0
1552,1538,14,1545.0,1.0,r1b2qk1/ppp1n1pp/3p4/2b1p3/3nP3/2NPB2P/PPP2PP1/R2Q1RK1 w - - 5 12,12,600+0
1056,1037,19,1046.5,0.0,rn1qkb1r/pp1npp1p/2p3p1/3pPbNQ/3P4/8/PPPN1PPP/R1B1KB1R w KQkq - 0 8,8,600+0
1306,1303,3,1304.5,0.0,r1b1k1nr/pppp1p2/2n1q3/2b1N1Q1/2B1P3/2P5/P1P2PPP/R3K2R b KQkq - 2 14,14,600+5
2002,1996,6,1999.0,0.5,rnbqkbnr/pp1ppppp/8/2p5/2P5/5N2/PP1PPPPP/RNBQKB1R b KQkq - 1 2,2,600+5
1368,1357,11,1362.5,1.0,r1bqkbnr/pp1p1ppp/2n1p3/8/3pP3/2P2N2/PP3PPP/RNBQKB1R w KQkq - 0 5,5,600+5
1519,1483,36,1501.0,0.0,rnbqkbnr/ppp3pp/3p4/4P1N1/4p3/8/PPP2PPP/RNBQKB1R b KQkq - 1 5,5,600+5
1468,1373,95,1420.5,0.0,r2qr1k1/pp4bp/2p1p1p1/3Pp3/2P1PQ2/1PN5/P5PP/R4RK1 w - - 0 20,20,600+5
1739,1687,52,1713.0,1.0,r1bqkbnr/pppp1ppp/2n5/4p3/2B1P3/5N2/PPPP1PPP/RNBQK2R b KQkq - 3 3,3,600+5
1685,1647,38,1666.0,0.0,r3kb1r/pp2pppp/1qn2n2/3p1b2/Q1pP1B2/2P1PN2/PP1N1PPP/R3KB1R b KQkq - 1 8,8,600+5
1220,1210,10,1215.0,0.0,rn1q1rk1/pp3pp1/1b3n1p/3P4/5B2/1BPN1Q1P/P4PP1/R3R1K1 w - - 5 18,18,600+5
1544,1420,124,1482.0,0.0,r2qkb2/ppp3pr/2np1nNp/8/4PPb1/2NP4/PPPQ2PP/R1B2RK1 w - - 6 12,12,600+5
899,887,12,893.0,0.0,2r1r1k1/6p1/5p1p/3p4/4QR2/1P1qP3/3N2PP/6K1 b - - 0 37,37,900+10
1745,1643,102,1694.0,0.0,r1bqk2r/ppp2ppp/1bnp1n2/4p3/PPB1P3/2PP1N2/5PPP/RNBQK2R b KQkq - 0 7,7,900+10
1051,987,64,1019.0,1.0,r2q1rk1/ppp3bp/2n1pnp1/6N1/4Pp2/2N2P2/PPP1Q1PP/R4RK1 w - - 0 13,13,300+0
1148,1121,27,1134.5,1.0,3r1b1r/1kp2pp1/p1n1p2p/1p6/1P1P4/P4Q2/1B1N1PqP/2R1K2R b K - 1 17,17,600+3
2154,2108,46,2131.0,0.0,5k2/2p5/pb1p1P2/1p4R1/1P2P3/PB6/1B3q2/2Kr4 w - - 0 40,40,300+0
2303,2205,98,2254.0,1.0,3r1r2/pn2Q1pk/2p4p/3q1p2/1PN5/2Pp4/P4PPP/R1B2RK1 b - - 0 21,21,600+5
